A3	Mass percent Fe	Mass percent Si	Mass percent Al	Mass percent Mn	Temperature [Â°C]	Mass percent C
836.40579	99.80000	0.00000	0.00000	0.00000	800.00000	0.20000
827.63752	99.50000	0.00000	0.00000	0.30000	800.00000	0.20000
819.13497	99.20000	0.00000	0.00000	0.60000	800.00000	0.20000
810.88512	98.90000	0.00000	0.00000	0.90000	800.00000	0.20000
802.87610	98.60000	0.00000	0.00000	1.20000	800.00000	0.20000
795.09709	98.30000	0.00000	0.00000	1.50000	800.00000	0.20000
787.53821	98.00000	0.00000	0.00000	1.80000	800.00000	0.20000
780.19040	97.70000	0.00000	0.00000	2.10000	800.00000	0.20000
773.04546	97.40000	0.00000	0.00000	2.40000	800.00000	0.20000
766.09566	97.10000	0.00000	0.00000	2.70000	800.00000	0.20000
759.33398	96.80000	0.00000	0.00000	3.00000	800.00000	0.20000
873.90418	99.50000	0.00000	0.30000	0.00000	800.00000	0.20000
864.24579	99.20000	0.00000	0.30000	0.30000	800.00000	0.20000
854.88895	98.90000	0.00000	0.30000	0.60000	800.00000	0.20000
845.81732	98.60000	0.00000	0.30000	0.90000	800.00000	0.20000
837.01611	98.30000	0.00000	0.30000	1.20000	800.00000	0.20000
828.47194	98.00000	0.00000	0.30000	1.50000	800.00000	0.20000
820.17263	97.70000	0.00000	0.30000	1.80000	800.00000	0.20000
812.10707	97.40000	0.00000	0.30000	2.10000	800.00000	0.20000
804.26517	97.10000	0.00000	0.30000	2.40000	800.00000	0.20000
796.63760	96.80000	0.00000	0.30000	2.70000	800.00000	0.20000
789.21579	96.50000	0.00000	0.30000	3.00000	800.00000	0.20000
909.92297	99.20000	0.00000	0.60000	0.00000	800.00000	0.20000
899.17088	98.90000	0.00000	0.60000	0.30000	800.00000	0.20000
888.77314	98.60000	0.00000	0.60000	0.60000	800.00000	0.20000
878.70814	98.30000	0.00000	0.60000	0.90000	800.00000	0.20000
868.95663	98.00000	0.00000	0.60000	1.20000	800.00000	0.20000
859.50130	97.70000	0.00000	0.60000	1.50000	800.00000	0.20000
850.32657	97.40000	0.00000	0.60000	1.80000	800.00000	0.20000
841.41832	97.10000	0.00000	0.60000	2.10000	800.00000	0.20000
832.76375	96.80000	0.00000	0.60000	2.40000	800.00000	0.20000
824.35130	96.50000	0.00000	0.60000	2.70000	800.00000	0.20000
816.17019	96.20000	0.00000	0.60000	3.00000	800.00000	0.20000
947.31184	98.90000	0.00000	0.90000	0.00000	800.00000	0.20000
935.18704	98.60000	0.00000	0.90000	0.30000	800.00000	0.20000
923.50083	98.30000	0.00000	0.90000	0.60000	800.00000	0.20000
912.22171	98.00000	0.00000	0.90000	0.90000	800.00000	0.20000
901.32217	97.70000	0.00000	0.90000	1.20000	800.00000	0.20000
890.77800	97.40000	0.00000	0.90000	1.50000	800.00000	0.20000
880.56774	97.10000	0.00000	0.90000	1.80000	800.00000	0.20000
870.67223	96.80000	0.00000	0.90000	2.10000	800.00000	0.20000
861.07429	96.50000	0.00000	0.90000	2.40000	800.00000	0.20000
851.75846	96.20000	0.00000	0.90000	2.70000	800.00000	0.20000
842.71080	95.90000	0.00000	0.90000	3.00000	800.00000	0.20000
988.73020	98.60000	0.00000	1.20000	0.00000	800.00000	0.20000
974.70801	98.30000	0.00000	1.20000	0.30000	800.00000	0.20000
961.28333	98.00000	0.00000	1.20000	0.60000	800.00000	0.20000
948.40038	97.70000	0.00000	1.20000	0.90000	800.00000	0.20000
936.01261	97.40000	0.00000	1.20000	1.20000	800.00000	0.20000
924.08056	97.10000	0.00000	1.20000	1.50000	800.00000	0.20000
912.57036	96.80000	0.00000	1.20000	1.80000	800.00000	0.20000
901.45265	96.50000	0.00000	1.20000	2.10000	800.00000	0.20000
890.70172	96.20000	0.00000	1.20000	2.40000	800.00000	0.20000
880.29489	95.90000	0.00000	1.20000	2.70000	800.00000	0.20000
870.21206	95.60000	0.00000	1.20000	3.00000	800.00000	0.20000
1038.91834	98.30000	0.00000	1.50000	0.00000	800.00000	0.20000
1021.70392	98.00000	0.00000	1.50000	0.30000	800.00000	0.20000
1005.50196	97.70000	0.00000	1.50000	0.60000	800.00000	0.20000
990.16467	97.40000	0.00000	1.50000	0.90000	800.00000	0.20000
975.58070	97.10000	0.00000	1.50000	1.20000	800.00000	0.20000
961.66339	96.80000	0.00000	1.50000	1.50000	800.00000	0.20000
948.34341	96.50000	0.00000	1.50000	1.80000	800.00000	0.20000
935.56418	96.20000	0.00000	1.50000	2.10000	800.00000	0.20000
923.27859	95.90000	0.00000	1.50000	2.40000	800.00000	0.20000
911.44689	95.60000	0.00000	1.50000	2.70000	800.00000	0.20000
900.03494	95.30000	0.00000	1.50000	3.00000	800.00000	0.20000
1114.53983	98.00000	0.00000	1.80000	0.00000	800.00000	0.20000
1087.88664	97.70000	0.00000	1.80000	0.30000	800.00000	0.20000
1064.90435	97.40000	0.00000	1.80000	0.60000	800.00000	0.20000
1044.31461	97.10000	0.00000	1.80000	0.90000	800.00000	0.20000
1025.46797	96.80000	0.00000	1.80000	1.20000	800.00000	0.20000
1007.97900	96.50000	0.00000	1.80000	1.50000	800.00000	0.20000
991.59568	96.20000	0.00000	1.80000	1.80000	800.00000	0.20000
976.14176	95.90000	0.00000	1.80000	2.10000	800.00000	0.20000
961.48773	95.60000	0.00000	1.80000	2.40000	800.00000	0.20000
947.53477	95.30000	0.00000	1.80000	2.70000	800.00000	0.20000
934.20515	95.00000	0.00000	1.80000	3.00000	800.00000	0.20000
	97.70000	0.00000	2.10000	0.00000	800.00000	0.20000
	97.40000	0.00000	2.10000	0.30000	800.00000	0.20000
	97.10000	0.00000	2.10000	0.60000	800.00000	0.20000
	96.80000	0.00000	2.10000	0.90000	800.00000	0.20000
1110.39006	96.50000	0.00000	2.10000	1.20000	800.00000	0.20000
1078.87523	96.20000	0.00000	2.10000	1.50000	800.00000	0.20000
1053.54231	95.90000	0.00000	2.10000	1.80000	800.00000	0.20000
1031.57105	95.60000	0.00000	2.10000	2.10000	800.00000	0.20000
1011.83432	95.30000	0.00000	2.10000	2.40000	800.00000	0.20000
993.74287	95.00000	0.00000	2.10000	2.70000	800.00000	0.20000
976.94113	94.70000	0.00000	2.10000	3.00000	800.00000	0.20000
	97.40000	0.00000	2.40000	0.00000	800.00000	0.20000
	97.10000	0.00000	2.40000	0.30000	800.00000	0.20000
	96.80000	0.00000	2.40000	0.60000	800.00000	0.20000
	96.50000	0.00000	2.40000	0.90000	800.00000	0.20000
	96.20000	0.00000	2.40000	1.20000	800.00000	0.20000
	95.90000	0.00000	2.40000	1.50000	800.00000	0.20000
	95.60000	0.00000	2.40000	1.80000	800.00000	0.20000
	95.30000	0.00000	2.40000	2.10000	800.00000	0.20000
1123.87072	95.00000	0.00000	2.40000	2.40000	800.00000	0.20000
1073.55781	94.70000	0.00000	2.40000	2.70000	800.00000	0.20000
1043.35131	94.40000	0.00000	2.40000	3.00000	800.00000	0.20000
	97.10000	0.00000	2.70000	0.00000	800.00000	0.20000
	96.80000	0.00000	2.70000	0.30000	800.00000	0.20000
	96.50000	0.00000	2.70000	0.60000	800.00000	0.20000
	96.20000	0.00000	2.70000	0.90000	800.00000	0.20000
	95.90000	0.00000	2.70000	1.20000	800.00000	0.20000
	95.60000	0.00000	2.70000	1.50000	800.00000	0.20000
	95.30000	0.00000	2.70000	1.80000	800.00000	0.20000
	95.00000	0.00000	2.70000	2.10000	800.00000	0.20000
	94.70000	0.00000	2.70000	2.40000	800.00000	0.20000
	94.40000	0.00000	2.70000	2.70000	800.00000	0.20000
	94.10000	0.00000	2.70000	3.00000	800.00000	0.20000
	96.80000	0.00000	3.00000	0.00000	800.00000	0.20000
	96.50000	0.00000	3.00000	0.30000	800.00000	0.20000
	96.20000	0.00000	3.00000	0.60000	800.00000	0.20000
	95.90000	0.00000	3.00000	0.90000	800.00000	0.20000
	95.60000	0.00000	3.00000	1.20000	800.00000	0.20000
	95.30000	0.00000	3.00000	1.50000	800.00000	0.20000
	95.00000	0.00000	3.00000	1.80000	800.00000	0.20000
	94.70000	0.00000	3.00000	2.10000	800.00000	0.20000
	94.40000	0.00000	3.00000	2.40000	800.00000	0.20000
	94.10000	0.00000	3.00000	2.70000	800.00000	0.20000
	93.80000	0.00000	3.00000	3.00000	800.00000	0.20000
850.54899	99.50000	0.30000	0.00000	0.00000	800.00000	0.20000
840.73723	99.20000	0.30000	0.00000	0.30000	800.00000	0.20000
831.27144	98.90000	0.30000	0.00000	0.60000	800.00000	0.20000
822.13106	98.60000	0.30000	0.00000	0.90000	800.00000	0.20000
813.29753	98.30000	0.30000	0.00000	1.20000	800.00000	0.20000
804.75402	98.00000	0.30000	0.00000	1.50000	800.00000	0.20000
796.48526	97.70000	0.30000	0.00000	1.80000	800.00000	0.20000
788.47736	97.40000	0.30000	0.00000	2.10000	800.00000	0.20000
780.71769	97.10000	0.30000	0.00000	2.40000	800.00000	0.20000
773.19466	96.80000	0.30000	0.00000	2.70000	800.00000	0.20000
765.89764	96.50000	0.30000	0.00000	3.00000	800.00000	0.20000
887.88855	99.20000	0.30000	0.30000	0.00000	800.00000	0.20000
877.17265	98.90000	0.30000	0.30000	0.30000	800.00000	0.20000
866.85121	98.60000	0.30000	0.30000	0.60000	800.00000	0.20000
856.89838	98.30000	0.30000	0.30000	0.90000	800.00000	0.20000
847.29106	98.00000	0.30000	0.30000	1.20000	800.00000	0.20000
838.00845	97.70000	0.30000	0.30000	1.50000	800.00000	0.20000
829.03179	97.40000	0.30000	0.30000	1.80000	800.00000	0.20000
820.34409	97.10000	0.30000	0.30000	2.10000	800.00000	0.20000
811.92994	96.80000	0.30000	0.30000	2.40000	800.00000	0.20000
803.77533	96.50000	0.30000	0.30000	2.70000	800.00000	0.20000
795.86739	96.20000	0.30000	0.30000	3.00000	800.00000	0.20000
924.97075	98.90000	0.30000	0.60000	0.00000	800.00000	0.20000
913.06279	98.60000	0.30000	0.60000	0.30000	800.00000	0.20000
901.62171	98.30000	0.30000	0.60000	0.60000	800.00000	0.20000
890.61300	98.00000	0.30000	0.60000	0.90000	800.00000	0.20000
880.00631	97.70000	0.30000	0.60000	1.20000	800.00000	0.20000
869.77470	97.40000	0.30000	0.60000	1.50000	800.00000	0.20000
859.89415	97.10000	0.30000	0.60000	1.80000	800.00000	0.20000
850.34314	96.80000	0.30000	0.60000	2.10000	800.00000	0.20000
841.10227	96.50000	0.30000	0.60000	2.40000	800.00000	0.20000
832.15409	96.20000	0.30000	0.60000	2.70000	800.00000	0.20000
823.48272	95.90000	0.30000	0.60000	3.00000	800.00000	0.20000
964.40829	98.60000	0.30000	0.90000	0.00000	800.00000	0.20000
950.90547	98.30000	0.30000	0.90000	0.30000	800.00000	0.20000
937.99272	98.00000	0.30000	0.90000	0.60000	800.00000	0.20000
925.61783	97.70000	0.30000	0.90000	0.90000	800.00000	0.20000
913.73623	97.40000	0.30000	0.90000	1.20000	800.00000	0.20000
902.30949	97.10000	0.30000	0.90000	1.50000	800.00000	0.20000
891.30409	96.80000	0.30000	0.90000	1.80000	800.00000	0.20000
880.69057	96.50000	0.30000	0.90000	2.10000	800.00000	0.20000
870.44284	96.20000	0.30000	0.90000	2.40000	800.00000	0.20000
860.53766	95.90000	0.30000	0.90000	2.70000	800.00000	0.20000
850.95435	95.60000	0.30000	0.90000	3.00000	800.00000	0.20000
1009.44681	98.30000	0.30000	1.20000	0.00000	800.00000	0.20000
993.54882	98.00000	0.30000	1.20000	0.30000	800.00000	0.20000
978.50063	97.70000	0.30000	1.20000	0.60000	800.00000	0.20000
964.20041	97.40000	0.30000	1.20000	0.90000	800.00000	0.20000
950.56687	97.10000	0.30000	1.20000	1.20000	800.00000	0.20000
937.53361	96.80000	0.30000	1.20000	1.50000	800.00000	0.20000
925.04538	96.50000	0.30000	1.20000	1.80000	800.00000	0.20000
913.05548	96.20000	0.30000	1.20000	2.10000	800.00000	0.20000
901.52391	95.90000	0.30000	1.20000	2.40000	800.00000	0.20000
890.41605	95.60000	0.30000	1.20000	2.70000	800.00000	0.20000
879.70163	95.30000	0.30000	1.20000	3.00000	800.00000	0.20000
1067.42901	98.00000	0.30000	1.50000	0.00000	800.00000	0.20000
1046.77728	97.70000	0.30000	1.50000	0.30000	800.00000	0.20000
1027.83873	97.40000	0.30000	1.50000	0.60000	800.00000	0.20000
1010.25765	97.10000	0.30000	1.50000	0.90000	800.00000	0.20000
993.79497	96.80000	0.30000	1.50000	1.20000	800.00000	0.20000
978.27990	96.50000	0.30000	1.50000	1.50000	800.00000	0.20000
963.58470	96.20000	0.30000	1.50000	1.80000	800.00000	0.20000
949.61043	95.90000	0.30000	1.50000	2.10000	800.00000	0.20000
936.27827	95.60000	0.30000	1.50000	2.40000	800.00000	0.20000
923.52397	95.30000	0.30000	1.50000	2.70000	800.00000	0.20000
911.29418	95.00000	0.30000	1.50000	3.00000	800.00000	0.20000
	97.70000	0.30000	1.80000	0.00000	800.00000	0.20000
	97.40000	0.30000	1.80000	0.30000	800.00000	0.20000
1102.62137	97.10000	0.30000	1.80000	0.60000	800.00000	0.20000
1075.30383	96.80000	0.30000	1.80000	0.90000	800.00000	0.20000
1051.94039	96.50000	0.30000	1.80000	1.20000	800.00000	0.20000
1031.12732	96.20000	0.30000	1.80000	1.50000	800.00000	0.20000
1012.16120	95.90000	0.30000	1.80000	1.80000	800.00000	0.20000
994.62740	95.60000	0.30000	1.80000	2.10000	800.00000	0.20000
978.25565	95.30000	0.30000	1.80000	2.40000	800.00000	0.20000
962.85721	95.00000	0.30000	1.80000	2.70000	800.00000	0.20000
948.29341	94.70000	0.30000	1.80000	3.00000	800.00000	0.20000
	97.40000	0.30000	2.10000	0.00000	800.00000	0.20000
	97.10000	0.30000	2.10000	0.30000	800.00000	0.20000
	96.80000	0.30000	2.10000	0.60000	800.00000	0.20000
	96.50000	0.30000	2.10000	0.90000	800.00000	0.20000
	96.20000	0.30000	2.10000	1.20000	800.00000	0.20000
	95.90000	0.30000	2.10000	1.50000	800.00000	0.20000
1093.39781	95.60000	0.30000	2.10000	1.80000	800.00000	0.20000
1062.75621	95.30000	0.30000	2.10000	2.10000	800.00000	0.20000
1037.86133	95.00000	0.30000	2.10000	2.40000	800.00000	0.20000
1016.21192	94.70000	0.30000	2.10000	2.70000	800.00000	0.20000
996.75674	94.40000	0.30000	2.10000	3.00000	800.00000	0.20000
	97.10000	0.30000	2.40000	0.00000	800.00000	0.20000
	96.80000	0.30000	2.40000	0.30000	800.00000	0.20000
	96.50000	0.30000	2.40000	0.60000	800.00000	0.20000
	96.20000	0.30000	2.40000	0.90000	800.00000	0.20000
	95.90000	0.30000	2.40000	1.20000	800.00000	0.20000
	95.60000	0.30000	2.40000	1.50000	800.00000	0.20000
	95.30000	0.30000	2.40000	1.80000	800.00000	0.20000
	95.00000	0.30000	2.40000	2.10000	800.00000	0.20000
	94.70000	0.30000	2.40000	2.40000	800.00000	0.20000
	94.40000	0.30000	2.40000	2.70000	800.00000	0.20000
1092.96393	94.10000	0.30000	2.40000	3.00000	800.00000	0.20000
	96.80000	0.30000	2.70000	0.00000	800.00000	0.20000
	96.50000	0.30000	2.70000	0.30000	800.00000	0.20000
	96.20000	0.30000	2.70000	0.60000	800.00000	0.20000
	95.90000	0.30000	2.70000	0.90000	800.00000	0.20000
	95.60000	0.30000	2.70000	1.20000	800.00000	0.20000
	95.30000	0.30000	2.70000	1.50000	800.00000	0.20000
	95.00000	0.30000	2.70000	1.80000	800.00000	0.20000
	94.70000	0.30000	2.70000	2.10000	800.00000	0.20000
	94.40000	0.30000	2.70000	2.40000	800.00000	0.20000
	94.10000	0.30000	2.70000	2.70000	800.00000	0.20000
	93.80000	0.30000	2.70000	3.00000	800.00000	0.20000
	96.50000	0.30000	3.00000	0.00000	800.00000	0.20000
	96.20000	0.30000	3.00000	0.30000	800.00000	0.20000
	95.90000	0.30000	3.00000	0.60000	800.00000	0.20000
	95.60000	0.30000	3.00000	0.90000	800.00000	0.20000
	95.30000	0.30000	3.00000	1.20000	800.00000	0.20000
	95.00000	0.30000	3.00000	1.50000	800.00000	0.20000
	94.70000	0.30000	3.00000	1.80000	800.00000	0.20000
	94.40000	0.30000	3.00000	2.10000	800.00000	0.20000
	94.10000	0.30000	3.00000	2.40000	800.00000	0.20000
	93.80000	0.30000	3.00000	2.70000	800.00000	0.20000
	93.50000	0.30000	3.00000	3.00000	800.00000	0.20000
864.94291	99.20000	0.60000	0.00000	0.00000	800.00000	0.20000
854.12305	98.90000	0.60000	0.00000	0.30000	800.00000	0.20000
843.72444	98.60000	0.60000	0.00000	0.60000	800.00000	0.20000
833.71868	98.30000	0.60000	0.00000	0.90000	800.00000	0.20000
824.08039	98.00000	0.60000	0.00000	1.20000	800.00000	0.20000
814.78676	97.70000	0.60000	0.00000	1.50000	800.00000	0.20000
805.81726	97.40000	0.60000	0.00000	1.80000	800.00000	0.20000
797.15334	97.10000	0.60000	0.00000	2.10000	800.00000	0.20000
788.77822	96.80000	0.60000	0.00000	2.40000	800.00000	0.20000
780.67670	96.50000	0.60000	0.00000	2.70000	800.00000	0.20000
772.83486	96.20000	0.60000	0.00000	3.00000	800.00000	0.20000
902.67429	98.90000	0.60000	0.30000	0.00000	800.00000	0.20000
890.86764	98.60000	0.60000	0.30000	0.30000	800.00000	0.20000
879.54906	98.30000	0.60000	0.30000	0.60000	800.00000	0.20000
868.68208	98.00000	0.60000	0.30000	0.90000	800.00000	0.20000
858.23446	97.70000	0.60000	0.30000	1.20000	800.00000	0.20000
848.17758	97.40000	0.60000	0.30000	1.50000	800.00000	0.20000
838.48584	97.10000	0.60000	0.30000	1.80000	800.00000	0.20000
829.13626	96.80000	0.60000	0.30000	2.10000	800.00000	0.20000
820.10816	96.50000	0.60000	0.30000	2.40000	800.00000	0.20000
811.38293	96.20000	0.60000	0.30000	2.70000	800.00000	0.20000
802.94357	95.90000	0.60000	0.30000	3.00000	800.00000	0.20000
941.23910	98.60000	0.60000	0.60000	0.00000	800.00000	0.20000
928.07586	98.30000	0.60000	0.60000	0.30000	800.00000	0.20000
915.50295	98.00000	0.60000	0.60000	0.60000	800.00000	0.20000
903.46965	97.70000	0.60000	0.60000	0.90000	800.00000	0.20000
891.93215	97.40000	0.60000	0.60000	1.20000	800.00000	0.20000
880.85227	97.10000	0.60000	0.60000	1.50000	800.00000	0.20000
870.19646	96.80000	0.60000	0.60000	1.80000	800.00000	0.20000
859.93498	96.50000	0.60000	0.60000	2.10000	800.00000	0.20000
850.04138	96.20000	0.60000	0.60000	2.40000	800.00000	0.20000
840.49198	95.90000	0.60000	0.60000	2.70000	800.00000	0.20000
831.26561	95.60000	0.60000	0.60000	3.00000	800.00000	0.20000
983.35114	98.30000	0.60000	0.90000	0.00000	800.00000	0.20000
968.25868	98.00000	0.60000	0.90000	0.30000	800.00000	0.20000
953.94317	97.70000	0.60000	0.90000	0.60000	800.00000	0.20000
940.32162	97.40000	0.60000	0.90000	0.90000	800.00000	0.20000
927.32557	97.10000	0.60000	0.90000	1.20000	800.00000	0.20000
914.89757	96.80000	0.60000	0.90000	1.50000	800.00000	0.20000
902.98867	96.50000	0.60000	0.90000	1.80000	800.00000	0.20000
891.55671	96.20000	0.60000	0.90000	2.10000	800.00000	0.20000
880.56496	95.90000	0.60000	0.90000	2.40000	800.00000	0.20000
869.98121	95.60000	0.60000	0.90000	2.70000	800.00000	0.20000
859.77700	95.30000	0.60000	0.90000	3.00000	800.00000	0.20000
1033.38732	98.00000	0.60000	1.20000	0.00000	800.00000	0.20000
1015.08321	97.70000	0.60000	1.20000	0.30000	800.00000	0.20000
998.01112	97.40000	0.60000	1.20000	0.60000	800.00000	0.20000
981.97945	97.10000	0.60000	1.20000	0.90000	800.00000	0.20000
966.84533	96.80000	0.60000	1.20000	1.20000	800.00000	0.20000
952.49815	96.50000	0.60000	1.20000	1.50000	800.00000	0.20000
938.84982	96.20000	0.60000	1.20000	1.80000	800.00000	0.20000
925.82847	95.90000	0.60000	1.20000	2.10000	800.00000	0.20000
913.37436	95.60000	0.60000	1.20000	2.40000	800.00000	0.20000
901.43708	95.30000	0.60000	1.20000	2.70000	800.00000	0.20000
889.97346	95.00000	0.60000	1.20000	3.00000	800.00000	0.20000
1104.86133	97.70000	0.60000	1.50000	0.00000	800.00000	0.20000
1078.11260	97.40000	0.60000	1.50000	0.30000	800.00000	0.20000
1054.89745	97.10000	0.60000	1.50000	0.60000	800.00000	0.20000
1034.07825	96.80000	0.60000	1.50000	0.90000	800.00000	0.20000
1015.04511	96.50000	0.60000	1.50000	1.20000	800.00000	0.20000
997.42329	96.20000	0.60000	1.50000	1.50000	800.00000	0.20000
980.96130	95.90000	0.60000	1.50000	1.80000	800.00000	0.20000
965.47953	95.60000	0.60000	1.50000	2.10000	800.00000	0.20000
950.84368	95.30000	0.60000	1.50000	2.40000	800.00000	0.20000
936.94966	95.00000	0.60000	1.50000	2.70000	800.00000	0.20000
923.71454	94.70000	0.60000	1.50000	3.00000	800.00000	0.20000
	97.40000	0.60000	1.80000	0.00000	800.00000	0.20000
	97.10000	0.60000	1.80000	0.30000	800.00000	0.20000
	96.80000	0.60000	1.80000	0.60000	800.00000	0.20000
1122.15348	96.50000	0.60000	1.80000	0.90000	800.00000	0.20000
1087.66007	96.20000	0.60000	1.80000	1.20000	800.00000	0.20000
1060.59768	95.90000	0.60000	1.80000	1.50000	800.00000	0.20000
1037.41120	95.60000	0.60000	1.80000	1.80000	800.00000	0.20000
1016.75717	95.30000	0.60000	1.80000	2.10000	800.00000	0.20000
997.94939	95.00000	0.60000	1.80000	2.40000	800.00000	0.20000
980.57853	94.70000	0.60000	1.80000	2.70000	800.00000	0.20000
964.37556	94.40000	0.60000	1.80000	3.00000	800.00000	0.20000
	97.10000	0.60000	2.10000	0.00000	800.00000	0.20000
	96.80000	0.60000	2.10000	0.30000	800.00000	0.20000
	96.50000	0.60000	2.10000	0.60000	800.00000	0.20000
	96.20000	0.60000	2.10000	0.90000	800.00000	0.20000
	95.90000	0.60000	2.10000	1.20000	800.00000	0.20000
	95.60000	0.60000	2.10000	1.50000	800.00000	0.20000
	95.30000	0.60000	2.10000	1.80000	800.00000	0.20000
1116.61191	95.00000	0.60000	2.10000	2.10000	800.00000	0.20000
1074.78622	94.70000	0.60000	2.10000	2.40000	800.00000	0.20000
1045.60788	94.40000	0.60000	2.10000	2.70000	800.00000	0.20000
1021.48899	94.10000	0.60000	2.10000	3.00000	800.00000	0.20000
	96.80000	0.60000	2.40000	0.00000	800.00000	0.20000
	96.50000	0.60000	2.40000	0.30000	800.00000	0.20000
	96.20000	0.60000	2.40000	0.60000	800.00000	0.20000
	95.90000	0.60000	2.40000	0.90000	800.00000	0.20000
	95.60000	0.60000	2.40000	1.20000	800.00000	0.20000
	95.30000	0.60000	2.40000	1.50000	800.00000	0.20000
	95.00000	0.60000	2.40000	1.80000	800.00000	0.20000
	94.70000	0.60000	2.40000	2.10000	800.00000	0.20000
	94.40000	0.60000	2.40000	2.40000	800.00000	0.20000
	94.10000	0.60000	2.40000	2.70000	800.00000	0.20000
	93.80000	0.60000	2.40000	3.00000	800.00000	0.20000
	96.50000	0.60000	2.70000	0.00000	800.00000	0.20000
	96.20000	0.60000	2.70000	0.30000	800.00000	0.20000
	95.90000	0.60000	2.70000	0.60000	800.00000	0.20000
	95.60000	0.60000	2.70000	0.90000	800.00000	0.20000
	95.30000	0.60000	2.70000	1.20000	800.00000	0.20000
	95.00000	0.60000	2.70000	1.50000	800.00000	0.20000
	94.70000	0.60000	2.70000	1.80000	800.00000	0.20000
	94.40000	0.60000	2.70000	2.10000	800.00000	0.20000
	94.10000	0.60000	2.70000	2.40000	800.00000	0.20000
	93.80000	0.60000	2.70000	2.70000	800.00000	0.20000
	93.50000	0.60000	2.70000	3.00000	800.00000	0.20000
	96.20000	0.60000	3.00000	0.00000	800.00000	0.20000
	95.90000	0.60000	3.00000	0.30000	800.00000	0.20000
	95.60000	0.60000	3.00000	0.60000	800.00000	0.20000
	95.30000	0.60000	3.00000	0.90000	800.00000	0.20000
	95.00000	0.60000	3.00000	1.20000	800.00000	0.20000
	94.70000	0.60000	3.00000	1.50000	800.00000	0.20000
	94.40000	0.60000	3.00000	1.80000	800.00000	0.20000
	94.10000	0.60000	3.00000	2.10000	800.00000	0.20000
	93.80000	0.60000	3.00000	2.40000	800.00000	0.20000
	93.50000	0.60000	3.00000	2.70000	800.00000	0.20000
	93.20000	0.60000	3.00000	3.00000	800.00000	0.20000
879.94209	98.90000	0.90000	0.00000	0.00000	800.00000	0.20000
868.10431	98.60000	0.90000	0.00000	0.30000	800.00000	0.20000
856.76460	98.30000	0.90000	0.00000	0.60000	800.00000	0.20000
845.88556	98.00000	0.90000	0.00000	0.90000	800.00000	0.20000
835.43418	97.70000	0.90000	0.00000	1.20000	800.00000	0.20000
825.38114	97.40000	0.90000	0.00000	1.50000	800.00000	0.20000
815.70029	97.10000	0.90000	0.00000	1.80000	800.00000	0.20000
806.36821	96.80000	0.90000	0.00000	2.10000	800.00000	0.20000
797.36383	96.50000	0.90000	0.00000	2.40000	800.00000	0.20000
788.66831	96.20000	0.90000	0.00000	2.70000	800.00000	0.20000
780.26441	95.90000	0.90000	0.00000	3.00000	800.00000	0.20000
918.58468	98.60000	0.90000	0.30000	0.00000	800.00000	0.20000
905.61629	98.30000	0.90000	0.30000	0.30000	800.00000	0.20000
893.23752	98.00000	0.90000	0.30000	0.60000	800.00000	0.20000
881.39868	97.70000	0.90000	0.30000	0.90000	800.00000	0.20000
870.05666	97.40000	0.90000	0.30000	1.20000	800.00000	0.20000
859.17368	97.10000	0.90000	0.30000	1.50000	800.00000	0.20000
848.71645	96.80000	0.90000	0.30000	1.80000	800.00000	0.20000
838.65538	96.50000	0.90000	0.30000	2.10000	800.00000	0.20000
828.96411	96.20000	0.90000	0.30000	2.40000	800.00000	0.20000
819.61907	95.90000	0.90000	0.30000	2.70000	800.00000	0.20000
810.59906	95.60000	0.90000	0.30000	3.00000	800.00000	0.20000
959.17002	98.30000	0.90000	0.60000	0.00000	800.00000	0.20000
944.59554	98.00000	0.90000	0.60000	0.30000	800.00000	0.20000
930.75807	97.70000	0.90000	0.60000	0.60000	800.00000	0.20000
917.58419	97.40000	0.90000	0.60000	0.90000	800.00000	0.20000
905.01220	97.10000	0.90000	0.60000	1.20000	800.00000	0.20000
892.98949	96.80000	0.90000	0.60000	1.50000	800.00000	0.20000
881.47068	96.50000	0.90000	0.60000	1.80000	800.00000	0.20000
870.41624	96.20000	0.90000	0.60000	2.10000	800.00000	0.20000
859.79145	95.90000	0.90000	0.60000	2.40000	800.00000	0.20000
849.56563	95.60000	0.90000	0.60000	2.70000	800.00000	0.20000
839.71159	95.30000	0.90000	0.60000	3.00000	800.00000	0.20000
1004.88794	98.00000	0.90000	0.90000	0.00000	800.00000	0.20000
987.86624	97.70000	0.90000	0.90000	0.30000	800.00000	0.20000
971.87815	97.40000	0.90000	0.90000	0.60000	800.00000	0.20000
956.78866	97.10000	0.90000	0.90000	0.90000	800.00000	0.20000
942.49156	96.80000	0.90000	0.90000	1.20000	800.00000	0.20000
928.90106	96.50000	0.90000	0.90000	1.50000	800.00000	0.20000
915.94640	96.20000	0.90000	0.90000	1.80000	800.00000	0.20000
903.56818	95.90000	0.90000	0.90000	2.10000	800.00000	0.20000
891.71583	95.60000	0.90000	0.90000	2.40000	800.00000	0.20000
880.34581	95.30000	0.90000	0.90000	2.70000	800.00000	0.20000
869.42022	95.00000	0.90000	0.90000	3.00000	800.00000	0.20000
1062.40420	97.70000	0.90000	1.20000	0.00000	800.00000	0.20000
1040.65948	97.40000	0.90000	1.20000	0.30000	800.00000	0.20000
1020.84940	97.10000	0.90000	1.20000	0.60000	800.00000	0.20000
1002.56411	96.80000	0.90000	1.20000	0.90000	800.00000	0.20000
985.52970	96.50000	0.90000	1.20000	1.20000	800.00000	0.20000
969.55095	96.20000	0.90000	1.20000	1.50000	800.00000	0.20000
954.48198	95.90000	0.90000	1.20000	1.80000	800.00000	0.20000
940.20971	95.60000	0.90000	1.20000	2.10000	800.00000	0.20000
926.64397	95.30000	0.90000	1.20000	2.40000	800.00000	0.20000
913.71113	95.00000	0.90000	1.20000	2.70000	800.00000	0.20000
901.35001	94.70000	0.90000	1.20000	3.00000	800.00000	0.20000
	97.40000	0.90000	1.50000	0.00000	800.00000	0.20000
1123.16535	97.10000	0.90000	1.50000	0.30000	800.00000	0.20000
1090.62849	96.80000	0.90000	1.50000	0.60000	800.00000	0.20000
1064.10056	96.50000	0.90000	1.50000	0.90000	800.00000	0.20000
1041.04286	96.20000	0.90000	1.50000	1.20000	800.00000	0.20000
1020.36102	95.90000	0.90000	1.50000	1.50000	800.00000	0.20000
1001.45937	95.60000	0.90000	1.50000	1.80000	800.00000	0.20000
983.96830	95.30000	0.90000	1.50000	2.10000	800.00000	0.20000
967.63804	95.00000	0.90000	1.50000	2.40000	800.00000	0.20000
952.28931	94.70000	0.90000	1.50000	2.70000	800.00000	0.20000
937.78751	94.40000	0.90000	1.50000	3.00000	800.00000	0.20000
	97.10000	0.90000	1.80000	0.00000	800.00000	0.20000
	96.80000	0.90000	1.80000	0.30000	800.00000	0.20000
	96.50000	0.90000	1.80000	0.60000	800.00000	0.20000
	96.20000	0.90000	1.80000	0.90000	800.00000	0.20000
	95.90000	0.90000	1.80000	1.20000	800.00000	0.20000
1104.52819	95.60000	0.90000	1.80000	1.50000	800.00000	0.20000
1071.48302	95.30000	0.90000	1.80000	1.80000	800.00000	0.20000
1045.07676	95.00000	0.90000	1.80000	2.10000	800.00000	0.20000
1022.31431	94.70000	0.90000	1.80000	2.40000	800.00000	0.20000
1001.98451	94.40000	0.90000	1.80000	2.70000	800.00000	0.20000
983.44886	94.10000	0.90000	1.80000	3.00000	800.00000	0.20000
	96.80000	0.90000	2.10000	0.00000	800.00000	0.20000
	96.50000	0.90000	2.10000	0.30000	800.00000	0.20000
	96.20000	0.90000	2.10000	0.60000	800.00000	0.20000
	95.90000	0.90000	2.10000	0.90000	800.00000	0.20000
	95.60000	0.90000	2.10000	1.20000	800.00000	0.20000
	95.30000	0.90000	2.10000	1.50000	800.00000	0.20000
	95.00000	0.90000	2.10000	1.80000	800.00000	0.20000
	94.70000	0.90000	2.10000	2.10000	800.00000	0.20000
	94.40000	0.90000	2.10000	2.40000	800.00000	0.20000
1093.48378	94.10000	0.90000	2.10000	2.70000	800.00000	0.20000
1056.17941	93.80000	0.90000	2.10000	3.00000	800.00000	0.20000
	96.50000	0.90000	2.40000	0.00000	800.00000	0.20000
	96.20000	0.90000	2.40000	0.30000	800.00000	0.20000
	95.90000	0.90000	2.40000	0.60000	800.00000	0.20000
	95.60000	0.90000	2.40000	0.90000	800.00000	0.20000
	95.30000	0.90000	2.40000	1.20000	800.00000	0.20000
	95.00000	0.90000	2.40000	1.50000	800.00000	0.20000
	94.70000	0.90000	2.40000	1.80000	800.00000	0.20000
	94.40000	0.90000	2.40000	2.10000	800.00000	0.20000
	94.10000	0.90000	2.40000	2.40000	800.00000	0.20000
	93.80000	0.90000	2.40000	2.70000	800.00000	0.20000
	93.50000	0.90000	2.40000	3.00000	800.00000	0.20000
	96.20000	0.90000	2.70000	0.00000	800.00000	0.20000
	95.90000	0.90000	2.70000	0.30000	800.00000	0.20000
	95.60000	0.90000	2.70000	0.60000	800.00000	0.20000
	95.30000	0.90000	2.70000	0.90000	800.00000	0.20000
	95.00000	0.90000	2.70000	1.20000	800.00000	0.20000
	94.70000	0.90000	2.70000	1.50000	800.00000	0.20000
	94.40000	0.90000	2.70000	1.80000	800.00000	0.20000
	94.10000	0.90000	2.70000	2.10000	800.00000	0.20000
	93.80000	0.90000	2.70000	2.40000	800.00000	0.20000
	93.50000	0.90000	2.70000	2.70000	800.00000	0.20000
	93.20000	0.90000	2.70000	3.00000	800.00000	0.20000
	95.90000	0.90000	3.00000	0.00000	800.00000	0.20000
	95.60000	0.90000	3.00000	0.30000	800.00000	0.20000
	95.30000	0.90000	3.00000	0.60000	800.00000	0.20000
	95.00000	0.90000	3.00000	0.90000	800.00000	0.20000
	94.70000	0.90000	3.00000	1.20000	800.00000	0.20000
	94.40000	0.90000	3.00000	1.50000	800.00000	0.20000
	94.10000	0.90000	3.00000	1.80000	800.00000	0.20000
	93.80000	0.90000	3.00000	2.10000	800.00000	0.20000
	93.50000	0.90000	3.00000	2.40000	800.00000	0.20000
	93.20000	0.90000	3.00000	2.70000	800.00000	0.20000
	92.90000	0.90000	3.00000	3.00000	800.00000	0.20000
895.92922	98.60000	1.20000	0.00000	0.00000	800.00000	0.20000
883.01958	98.30000	1.20000	0.00000	0.30000	800.00000	0.20000
870.69271	98.00000	1.20000	0.00000	0.60000	800.00000	0.20000
858.90010	97.70000	1.20000	0.00000	0.90000	800.00000	0.20000
847.59956	97.40000	1.20000	0.00000	1.20000	800.00000	0.20000
836.75410	97.10000	1.20000	0.00000	1.50000	800.00000	0.20000
826.33112	96.80000	1.20000	0.00000	1.80000	800.00000	0.20000
816.30168	96.50000	1.20000	0.00000	2.10000	800.00000	0.20000
806.64001	96.20000	1.20000	0.00000	2.40000	800.00000	0.20000
797.32313	95.90000	1.20000	0.00000	2.70000	800.00000	0.20000
788.33040	95.60000	1.20000	0.00000	3.00000	800.00000	0.20000
936.03960	98.30000	1.20000	0.30000	0.00000	800.00000	0.20000
921.78744	98.00000	1.20000	0.30000	0.30000	800.00000	0.20000
908.24426	97.70000	1.20000	0.30000	0.60000	800.00000	0.20000
895.34250	97.40000	1.20000	0.30000	0.90000	800.00000	0.20000
883.02480	97.10000	1.20000	0.30000	1.20000	800.00000	0.20000
871.24184	96.80000	1.20000	0.30000	1.50000	800.00000	0.20000
859.95081	96.50000	1.20000	0.30000	1.80000	800.00000	0.20000
849.11426	96.20000	1.20000	0.30000	2.10000	800.00000	0.20000
838.69917	95.90000	1.20000	0.30000	2.40000	800.00000	0.20000
828.67628	95.60000	1.20000	0.30000	2.70000	800.00000	0.20000
819.01965	95.30000	1.20000	0.30000	3.00000	800.00000	0.20000
979.38396	98.00000	1.20000	0.60000	0.00000	800.00000	0.20000
963.15118	97.70000	1.20000	0.60000	0.30000	800.00000	0.20000
947.84709	97.40000	1.20000	0.60000	0.60000	800.00000	0.20000
933.36290	97.10000	1.20000	0.60000	0.90000	800.00000	0.20000
919.61040	96.80000	1.20000	0.60000	1.20000	800.00000	0.20000
906.51658	96.50000	1.20000	0.60000	1.50000	800.00000	0.20000
894.02003	96.20000	1.20000	0.60000	1.80000	800.00000	0.20000
882.06835	95.90000	1.20000	0.60000	2.10000	800.00000	0.20000
870.61637	95.60000	1.20000	0.60000	2.40000	800.00000	0.20000
859.62474	95.30000	1.20000	0.60000	2.70000	800.00000	0.20000
849.05898	95.00000	1.20000	0.60000	3.00000	800.00000	0.20000
1030.21360	97.70000	1.20000	0.90000	0.00000	800.00000	0.20000
1010.67143	97.40000	1.20000	0.90000	0.30000	800.00000	0.20000
992.56856	97.10000	1.20000	0.90000	0.60000	800.00000	0.20000
975.66668	96.80000	1.20000	0.90000	0.90000	800.00000	0.20000
959.79095	96.50000	1.20000	0.90000	1.20000	800.00000	0.20000
944.80776	96.20000	1.20000	0.90000	1.50000	800.00000	0.20000
930.61167	95.90000	1.20000	0.90000	1.80000	800.00000	0.20000
917.11734	95.60000	1.20000	0.90000	2.10000	800.00000	0.20000
904.25427	95.30000	1.20000	0.90000	2.40000	800.00000	0.20000
891.96328	95.00000	1.20000	0.90000	2.70000	800.00000	0.20000
880.19395	94.70000	1.20000	0.90000	3.00000	800.00000	0.20000
1100.74152	97.40000	1.20000	1.20000	0.00000	800.00000	0.20000
1072.93390	97.10000	1.20000	1.20000	0.30000	800.00000	0.20000
1048.85646	96.80000	1.20000	1.20000	0.60000	800.00000	0.20000
1027.32131	96.50000	1.20000	1.20000	0.90000	800.00000	0.20000
1007.68709	96.20000	1.20000	1.20000	1.20000	800.00000	0.20000
989.55751	95.90000	1.20000	1.20000	1.50000	800.00000	0.20000
972.66534	95.60000	1.20000	1.20000	1.80000	800.00000	0.20000
956.81890	95.30000	1.20000	1.20000	2.10000	800.00000	0.20000
941.87431	95.00000	1.20000	1.20000	2.40000	800.00000	0.20000
927.71964	94.70000	1.20000	1.20000	2.70000	800.00000	0.20000
914.26544	94.40000	1.20000	1.20000	3.00000	800.00000	0.20000
	97.10000	1.20000	1.50000	0.00000	800.00000	0.20000
	96.80000	1.20000	1.50000	0.30000	800.00000	0.20000
	96.50000	1.20000	1.50000	0.60000	800.00000	0.20000
1107.18359	96.20000	1.20000	1.50000	0.90000	800.00000	0.20000
1075.58325	95.90000	1.20000	1.50000	1.20000	800.00000	0.20000
1049.54227	95.60000	1.20000	1.50000	1.50000	800.00000	0.20000
1026.81398	95.30000	1.20000	1.50000	1.80000	800.00000	0.20000
1006.38698	95.00000	1.20000	1.50000	2.10000	800.00000	0.20000
987.69824	94.70000	1.20000	1.50000	2.40000	800.00000	0.20000
970.39341	94.40000	1.20000	1.50000	2.70000	800.00000	0.20000
954.23076	94.10000	1.20000	1.50000	3.00000	800.00000	0.20000
	96.80000	1.20000	1.80000	0.00000	800.00000	0.20000
	96.50000	1.20000	1.80000	0.30000	800.00000	0.20000
	96.20000	1.20000	1.80000	0.60000	800.00000	0.20000
	95.90000	1.20000	1.80000	0.90000	800.00000	0.20000
	95.60000	1.20000	1.80000	1.20000	800.00000	0.20000
	95.30000	1.20000	1.80000	1.50000	800.00000	0.20000
	95.00000	1.20000	1.80000	1.80000	800.00000	0.20000
1086.92061	94.70000	1.20000	1.80000	2.10000	800.00000	0.20000
1055.30637	94.40000	1.20000	1.80000	2.40000	800.00000	0.20000
1029.60041	94.10000	1.20000	1.80000	2.70000	800.00000	0.20000
1007.29279	93.80000	1.20000	1.80000	3.00000	800.00000	0.20000
	96.50000	1.20000	2.10000	0.00000	800.00000	0.20000
	96.20000	1.20000	2.10000	0.30000	800.00000	0.20000
	95.90000	1.20000	2.10000	0.60000	800.00000	0.20000
	95.60000	1.20000	2.10000	0.90000	800.00000	0.20000
	95.30000	1.20000	2.10000	1.20000	800.00000	0.20000
	95.00000	1.20000	2.10000	1.50000	800.00000	0.20000
	94.70000	1.20000	2.10000	1.80000	800.00000	0.20000
	94.40000	1.20000	2.10000	2.10000	800.00000	0.20000
	94.10000	1.20000	2.10000	2.40000	800.00000	0.20000
	93.80000	1.20000	2.10000	2.70000	800.00000	0.20000
	93.50000	1.20000	2.10000	3.00000	800.00000	0.20000
	96.20000	1.20000	2.40000	0.00000	800.00000	0.20000
	95.90000	1.20000	2.40000	0.30000	800.00000	0.20000
	95.60000	1.20000	2.40000	0.60000	800.00000	0.20000
	95.30000	1.20000	2.40000	0.90000	800.00000	0.20000
	95.00000	1.20000	2.40000	1.20000	800.00000	0.20000
	94.70000	1.20000	2.40000	1.50000	800.00000	0.20000
	94.40000	1.20000	2.40000	1.80000	800.00000	0.20000
	94.10000	1.20000	2.40000	2.10000	800.00000	0.20000
	93.80000	1.20000	2.40000	2.40000	800.00000	0.20000
	93.50000	1.20000	2.40000	2.70000	800.00000	0.20000
	93.20000	1.20000	2.40000	3.00000	800.00000	0.20000
	95.90000	1.20000	2.70000	0.00000	800.00000	0.20000
	95.60000	1.20000	2.70000	0.30000	800.00000	0.20000
	95.30000	1.20000	2.70000	0.60000	800.00000	0.20000
	95.00000	1.20000	2.70000	0.90000	800.00000	0.20000
	94.70000	1.20000	2.70000	1.20000	800.00000	0.20000
	94.40000	1.20000	2.70000	1.50000	800.00000	0.20000
	94.10000	1.20000	2.70000	1.80000	800.00000	0.20000
	93.80000	1.20000	2.70000	2.10000	800.00000	0.20000
	93.50000	1.20000	2.70000	2.40000	800.00000	0.20000
	93.20000	1.20000	2.70000	2.70000	800.00000	0.20000
	92.90000	1.20000	2.70000	3.00000	800.00000	0.20000
	95.60000	1.20000	3.00000	0.00000	800.00000	0.20000
	95.30000	1.20000	3.00000	0.30000	800.00000	0.20000
	95.00000	1.20000	3.00000	0.60000	800.00000	0.20000
	94.70000	1.20000	3.00000	0.90000	800.00000	0.20000
	94.40000	1.20000	3.00000	1.20000	800.00000	0.20000
	94.10000	1.20000	3.00000	1.50000	800.00000	0.20000
	93.80000	1.20000	3.00000	1.80000	800.00000	0.20000
	93.50000	1.20000	3.00000	2.10000	800.00000	0.20000
	93.20000	1.20000	3.00000	2.40000	800.00000	0.20000
	92.90000	1.20000	3.00000	2.70000	800.00000	0.20000
	92.60000	1.20000	3.00000	3.00000	800.00000	0.20000
913.34768	98.30000	1.50000	0.00000	0.00000	800.00000	0.20000
899.26217	98.00000	1.50000	0.00000	0.30000	800.00000	0.20000
885.86000	97.70000	1.50000	0.00000	0.60000	800.00000	0.20000
873.07784	97.40000	1.50000	0.00000	0.90000	800.00000	0.20000
860.86159	97.10000	1.50000	0.00000	1.20000	800.00000	0.20000
849.16462	96.80000	1.50000	0.00000	1.50000	800.00000	0.20000
837.94633	96.50000	1.50000	0.00000	1.80000	800.00000	0.20000
827.17116	96.20000	1.50000	0.00000	2.10000	800.00000	0.20000
816.80773	95.90000	1.50000	0.00000	2.40000	800.00000	0.20000
806.82826	95.60000	1.50000	0.00000	2.70000	800.00000	0.20000
797.20813	95.30000	1.50000	0.00000	3.00000	800.00000	0.20000
955.60213	98.00000	1.50000	0.30000	0.00000	800.00000	0.20000
939.86962	97.70000	1.50000	0.30000	0.30000	800.00000	0.20000
924.99901	97.40000	1.50000	0.30000	0.60000	800.00000	0.20000
910.89616	97.10000	1.50000	0.30000	0.90000	800.00000	0.20000
897.48334	96.80000	1.50000	0.30000	1.20000	800.00000	0.20000
884.69537	96.50000	1.50000	0.30000	1.50000	800.00000	0.20000
872.47679	96.20000	1.50000	0.30000	1.80000	800.00000	0.20000
860.77989	95.90000	1.50000	0.30000	2.10000	800.00000	0.20000
849.56326	95.60000	1.50000	0.30000	2.40000	800.00000	0.20000
838.79066	95.30000	1.50000	0.30000	2.70000	800.00000	0.20000
828.43022	95.00000	1.50000	0.30000	3.00000	800.00000	0.20000
1002.80657	97.70000	1.50000	0.60000	0.00000	800.00000	0.20000
984.50688	97.40000	1.50000	0.60000	0.30000	800.00000	0.20000
967.41667	97.10000	1.50000	0.60000	0.60000	800.00000	0.20000
951.36436	96.80000	1.50000	0.60000	0.90000	800.00000	0.20000
936.21768	96.50000	1.50000	0.60000	1.20000	800.00000	0.20000
921.87158	96.20000	1.50000	0.60000	1.50000	800.00000	0.20000
908.24058	95.90000	1.50000	0.60000	1.80000	800.00000	0.20000
895.25378	95.60000	1.50000	0.60000	2.10000	800.00000	0.20000
882.85147	95.30000	1.50000	0.60000	2.40000	800.00000	0.20000
870.98265	95.00000	1.50000	0.60000	2.70000	800.00000	0.20000
859.60337	94.70000	1.50000	0.60000	3.00000	800.00000	0.20000
1061.52232	97.40000	1.50000	0.90000	0.00000	800.00000	0.20000
1038.27053	97.10000	1.50000	0.90000	0.30000	800.00000	0.20000
1017.24250	96.80000	1.50000	0.90000	0.60000	800.00000	0.20000
997.94063	96.50000	1.50000	0.90000	0.90000	800.00000	0.20000
980.03961	96.20000	1.50000	0.90000	1.20000	800.00000	0.20000
963.31119	95.90000	1.50000	0.90000	1.50000	800.00000	0.20000
947.58671	95.60000	1.50000	0.90000	1.80000	800.00000	0.20000
932.73662	95.30000	1.50000	0.90000	2.10000	800.00000	0.20000
918.65832	95.00000	1.50000	0.90000	2.40000	800.00000	0.20000
905.26855	94.70000	1.50000	0.90000	2.70000	800.00000	0.20000
892.49847	94.40000	1.50000	0.90000	3.00000	800.00000	0.20000
	97.10000	1.50000	1.20000	0.00000	800.00000	0.20000
1119.38537	96.80000	1.50000	1.20000	0.30000	800.00000	0.20000
1086.15461	96.50000	1.50000	1.20000	0.60000	800.00000	0.20000
1058.91159	96.20000	1.50000	1.20000	0.90000	800.00000	0.20000
1035.20443	95.90000	1.50000	1.20000	1.20000	800.00000	0.20000
1013.94475	95.60000	1.50000	1.20000	1.50000	800.00000	0.20000
994.53067	95.30000	1.50000	1.20000	1.80000	800.00000	0.20000
976.58482	95.00000	1.50000	1.20000	2.10000	800.00000	0.20000
959.85019	94.70000	1.50000	1.20000	2.40000	800.00000	0.20000
944.14119	94.40000	1.50000	1.20000	2.70000	800.00000	0.20000
929.31782	94.10000	1.50000	1.20000	3.00000	800.00000	0.20000
	96.80000	1.50000	1.50000	0.00000	800.00000	0.20000
	96.50000	1.50000	1.50000	0.30000	800.00000	0.20000
	96.20000	1.50000	1.50000	0.60000	800.00000	0.20000
	95.90000	1.50000	1.50000	0.90000	800.00000	0.20000
	95.60000	1.50000	1.50000	1.20000	800.00000	0.20000
1091.52621	95.30000	1.50000	1.50000	1.50000	800.00000	0.20000
1060.80822	95.00000	1.50000	1.50000	1.80000	800.00000	0.20000
1035.24542	94.70000	1.50000	1.50000	2.10000	800.00000	0.20000
1012.83944	94.40000	1.50000	1.50000	2.40000	800.00000	0.20000
992.65538	94.10000	1.50000	1.50000	2.70000	800.00000	0.20000
974.16199	93.80000	1.50000	1.50000	3.00000	800.00000	0.20000
	96.50000	1.50000	1.80000	0.00000	800.00000	0.20000
	96.20000	1.50000	1.80000	0.30000	800.00000	0.20000
	95.90000	1.50000	1.80000	0.60000	800.00000	0.20000
	95.60000	1.50000	1.80000	0.90000	800.00000	0.20000
	95.30000	1.50000	1.80000	1.20000	800.00000	0.20000
	95.00000	1.50000	1.80000	1.50000	800.00000	0.20000
	94.70000	1.50000	1.80000	1.80000	800.00000	0.20000
	94.40000	1.50000	1.80000	2.10000	800.00000	0.20000
1114.39430	94.10000	1.50000	1.80000	2.40000	800.00000	0.20000
1070.41505	93.80000	1.50000	1.80000	2.70000	800.00000	0.20000
1039.86351	93.50000	1.50000	1.80000	3.00000	800.00000	0.20000
	96.20000	1.50000	2.10000	0.00000	800.00000	0.20000
	95.90000	1.50000	2.10000	0.30000	800.00000	0.20000
	95.60000	1.50000	2.10000	0.60000	800.00000	0.20000
	95.30000	1.50000	2.10000	0.90000	800.00000	0.20000
	95.00000	1.50000	2.10000	1.20000	800.00000	0.20000
	94.70000	1.50000	2.10000	1.50000	800.00000	0.20000
	94.40000	1.50000	2.10000	1.80000	800.00000	0.20000
	94.10000	1.50000	2.10000	2.10000	800.00000	0.20000
	93.80000	1.50000	2.10000	2.40000	800.00000	0.20000
	93.50000	1.50000	2.10000	2.70000	800.00000	0.20000
	93.20000	1.50000	2.10000	3.00000	800.00000	0.20000
	95.90000	1.50000	2.40000	0.00000	800.00000	0.20000
	95.60000	1.50000	2.40000	0.30000	800.00000	0.20000
	95.30000	1.50000	2.40000	0.60000	800.00000	0.20000
	95.00000	1.50000	2.40000	0.90000	800.00000	0.20000
	94.70000	1.50000	2.40000	1.20000	800.00000	0.20000
	94.40000	1.50000	2.40000	1.50000	800.00000	0.20000
	94.10000	1.50000	2.40000	1.80000	800.00000	0.20000
	93.80000	1.50000	2.40000	2.10000	800.00000	0.20000
	93.50000	1.50000	2.40000	2.40000	800.00000	0.20000
	93.20000	1.50000	2.40000	2.70000	800.00000	0.20000
	92.90000	1.50000	2.40000	3.00000	800.00000	0.20000
	95.60000	1.50000	2.70000	0.00000	800.00000	0.20000
	95.30000	1.50000	2.70000	0.30000	800.00000	0.20000
	95.00000	1.50000	2.70000	0.60000	800.00000	0.20000
	94.70000	1.50000	2.70000	0.90000	800.00000	0.20000
	94.40000	1.50000	2.70000	1.20000	800.00000	0.20000
	94.10000	1.50000	2.70000	1.50000	800.00000	0.20000
	93.80000	1.50000	2.70000	1.80000	800.00000	0.20000
	93.50000	1.50000	2.70000	2.10000	800.00000	0.20000
	93.20000	1.50000	2.70000	2.40000	800.00000	0.20000
	92.90000	1.50000	2.70000	2.70000	800.00000	0.20000
	92.60000	1.50000	2.70000	3.00000	800.00000	0.20000
	95.30000	1.50000	3.00000	0.00000	800.00000	0.20000
	95.00000	1.50000	3.00000	0.30000	800.00000	0.20000
	94.70000	1.50000	3.00000	0.60000	800.00000	0.20000
	94.40000	1.50000	3.00000	0.90000	800.00000	0.20000
	94.10000	1.50000	3.00000	1.20000	800.00000	0.20000
	93.80000	1.50000	3.00000	1.50000	800.00000	0.20000
	93.50000	1.50000	3.00000	1.80000	800.00000	0.20000
	93.20000	1.50000	3.00000	2.10000	800.00000	0.20000
	92.90000	1.50000	3.00000	2.40000	800.00000	0.20000
	92.60000	1.50000	3.00000	2.70000	800.00000	0.20000
	92.30000	1.50000	3.00000	3.00000	800.00000	0.20000
932.75070	98.00000	1.80000	0.00000	0.00000	800.00000	0.20000
917.31925	97.70000	1.80000	0.00000	0.30000	800.00000	0.20000
902.69967	97.40000	1.80000	0.00000	0.60000	800.00000	0.20000
888.80714	97.10000	1.80000	0.00000	0.90000	800.00000	0.20000
875.57098	96.80000	1.80000	0.00000	1.20000	800.00000	0.20000
862.93142	96.50000	1.80000	0.00000	1.50000	800.00000	0.20000
850.83735	96.20000	1.80000	0.00000	1.80000	800.00000	0.20000
839.24461	95.90000	1.80000	0.00000	2.10000	800.00000	0.20000
828.11474	95.60000	1.80000	0.00000	2.40000	800.00000	0.20000
817.41403	95.30000	1.80000	0.00000	2.70000	800.00000	0.20000
807.11280	95.00000	1.80000	0.00000	3.00000	800.00000	0.20000
978.07136	97.70000	1.80000	0.30000	0.00000	800.00000	0.20000
960.54045	97.40000	1.80000	0.30000	0.30000	800.00000	0.20000
944.08716	97.10000	1.80000	0.30000	0.60000	800.00000	0.20000
928.57315	96.80000	1.80000	0.30000	0.90000	800.00000	0.20000
913.88867	96.50000	1.80000	0.30000	1.20000	800.00000	0.20000
899.94457	96.20000	1.80000	0.30000	1.50000	800.00000	0.20000
886.66703	95.90000	1.80000	0.30000	1.80000	800.00000	0.20000
873.99397	95.60000	1.80000	0.30000	2.10000	800.00000	0.20000
861.87248	95.30000	1.80000	0.30000	2.40000	800.00000	0.20000
850.25703	95.00000	1.80000	0.30000	2.70000	800.00000	0.20000
839.10802	94.70000	1.80000	0.30000	3.00000	800.00000	0.20000
1030.96365	97.40000	1.80000	0.60000	0.00000	800.00000	0.20000
1009.85651	97.10000	1.80000	0.60000	0.30000	800.00000	0.20000
990.43643	96.80000	1.80000	0.60000	0.60000	800.00000	0.20000
972.39907	96.50000	1.80000	0.60000	0.90000	800.00000	0.20000
955.52736	96.20000	1.80000	0.60000	1.20000	800.00000	0.20000
939.65892	95.90000	1.80000	0.60000	1.50000	800.00000	0.20000
924.66783	95.60000	1.80000	0.60000	1.80000	800.00000	0.20000
910.45361	95.30000	1.80000	0.60000	2.10000	800.00000	0.20000
896.93425	95.00000	1.80000	0.60000	2.40000	800.00000	0.20000
884.04160	94.70000	1.80000	0.60000	2.70000	800.00000	0.20000
871.71820	94.40000	1.80000	0.60000	3.00000	800.00000	0.20000
1104.09146	97.10000	1.80000	0.90000	0.00000	800.00000	0.20000
1073.91894	96.80000	1.80000	0.90000	0.30000	800.00000	0.20000
1048.14642	96.50000	1.80000	0.90000	0.60000	800.00000	0.20000
1025.27771	96.20000	1.80000	0.90000	0.90000	800.00000	0.20000
1004.54021	95.90000	1.80000	0.90000	1.20000	800.00000	0.20000
985.46913	95.60000	1.80000	0.90000	1.50000	800.00000	0.20000
967.75661	95.30000	1.80000	0.90000	1.80000	800.00000	0.20000
951.18466	95.00000	1.80000	0.90000	2.10000	800.00000	0.20000
935.59124	94.70000	1.80000	0.90000	2.40000	800.00000	0.20000
920.85134	94.40000	1.80000	0.90000	2.70000	800.00000	0.20000
906.86565	94.10000	1.80000	0.90000	3.00000	800.00000	0.20000
	96.80000	1.80000	1.20000	0.00000	800.00000	0.20000
	96.50000	1.80000	1.20000	0.30000	800.00000	0.20000
	96.20000	1.80000	1.20000	0.60000	800.00000	0.20000
1104.63325	95.90000	1.80000	1.20000	0.90000	800.00000	0.20000
1072.26766	95.60000	1.80000	1.20000	1.20000	800.00000	0.20000
1045.48401	95.30000	1.80000	1.20000	1.50000	800.00000	0.20000
1022.07997	95.00000	1.80000	1.20000	1.80000	800.00000	0.20000
1001.04268	94.70000	1.80000	1.20000	2.10000	800.00000	0.20000
981.80157	94.40000	1.80000	1.20000	2.40000	800.00000	0.20000
963.99484	94.10000	1.80000	1.20000	2.70000	800.00000	0.20000
947.37426	93.80000	1.80000	1.20000	3.00000	800.00000	0.20000
	96.50000	1.80000	1.50000	0.00000	800.00000	0.20000
	96.20000	1.80000	1.50000	0.30000	800.00000	0.20000
	95.90000	1.80000	1.50000	0.60000	800.00000	0.20000
	95.60000	1.80000	1.50000	0.90000	800.00000	0.20000
	95.30000	1.80000	1.50000	1.20000	800.00000	0.20000
	95.00000	1.80000	1.50000	1.50000	800.00000	0.20000
1117.97674	94.70000	1.80000	1.50000	1.80000	800.00000	0.20000
1077.17361	94.40000	1.80000	1.50000	2.10000	800.00000	0.20000
1047.00706	94.10000	1.80000	1.50000	2.40000	800.00000	0.20000
1021.74696	93.80000	1.80000	1.50000	2.70000	800.00000	0.20000
999.54229	93.50000	1.80000	1.50000	3.00000	800.00000	0.20000
	96.20000	1.80000	1.80000	0.00000	800.00000	0.20000
	95.90000	1.80000	1.80000	0.30000	800.00000	0.20000
	95.60000	1.80000	1.80000	0.60000	800.00000	0.20000
	95.30000	1.80000	1.80000	0.90000	800.00000	0.20000
	95.00000	1.80000	1.80000	1.20000	800.00000	0.20000
	94.70000	1.80000	1.80000	1.50000	800.00000	0.20000
	94.40000	1.80000	1.80000	1.80000	800.00000	0.20000
	94.10000	1.80000	1.80000	2.10000	800.00000	0.20000
	93.80000	1.80000	1.80000	2.40000	800.00000	0.20000
	93.50000	1.80000	1.80000	2.70000	800.00000	0.20000
1097.59419	93.20000	1.80000	1.80000	3.00000	800.00000	0.20000
	95.90000	1.80000	2.10000	0.00000	800.00000	0.20000
	95.60000	1.80000	2.10000	0.30000	800.00000	0.20000
	95.30000	1.80000	2.10000	0.60000	800.00000	0.20000
	95.00000	1.80000	2.10000	0.90000	800.00000	0.20000
	94.70000	1.80000	2.10000	1.20000	800.00000	0.20000
	94.40000	1.80000	2.10000	1.50000	800.00000	0.20000
	94.10000	1.80000	2.10000	1.80000	800.00000	0.20000
	93.80000	1.80000	2.10000	2.10000	800.00000	0.20000
	93.50000	1.80000	2.10000	2.40000	800.00000	0.20000
	93.20000	1.80000	2.10000	2.70000	800.00000	0.20000
	92.90000	1.80000	2.10000	3.00000	800.00000	0.20000
	95.60000	1.80000	2.40000	0.00000	800.00000	0.20000
	95.30000	1.80000	2.40000	0.30000	800.00000	0.20000
	95.00000	1.80000	2.40000	0.60000	800.00000	0.20000
	94.70000	1.80000	2.40000	0.90000	800.00000	0.20000
	94.40000	1.80000	2.40000	1.20000	800.00000	0.20000
	94.10000	1.80000	2.40000	1.50000	800.00000	0.20000
	93.80000	1.80000	2.40000	1.80000	800.00000	0.20000
	93.50000	1.80000	2.40000	2.10000	800.00000	0.20000
	93.20000	1.80000	2.40000	2.40000	800.00000	0.20000
	92.90000	1.80000	2.40000	2.70000	800.00000	0.20000
	92.60000	1.80000	2.40000	3.00000	800.00000	0.20000
	95.30000	1.80000	2.70000	0.00000	800.00000	0.20000
	95.00000	1.80000	2.70000	0.30000	800.00000	0.20000
	94.70000	1.80000	2.70000	0.60000	800.00000	0.20000
	94.40000	1.80000	2.70000	0.90000	800.00000	0.20000
	94.10000	1.80000	2.70000	1.20000	800.00000	0.20000
	93.80000	1.80000	2.70000	1.50000	800.00000	0.20000
	93.50000	1.80000	2.70000	1.80000	800.00000	0.20000
	93.20000	1.80000	2.70000	2.10000	800.00000	0.20000
	92.90000	1.80000	2.70000	2.40000	800.00000	0.20000
	92.60000	1.80000	2.70000	2.70000	800.00000	0.20000
	92.30000	1.80000	2.70000	3.00000	800.00000	0.20000
	95.00000	1.80000	3.00000	0.00000	800.00000	0.20000
	94.70000	1.80000	3.00000	0.30000	800.00000	0.20000
	94.40000	1.80000	3.00000	0.60000	800.00000	0.20000
	94.10000	1.80000	3.00000	0.90000	800.00000	0.20000
	93.80000	1.80000	3.00000	1.20000	800.00000	0.20000
	93.50000	1.80000	3.00000	1.50000	800.00000	0.20000
	93.20000	1.80000	3.00000	1.80000	800.00000	0.20000
	92.90000	1.80000	3.00000	2.10000	800.00000	0.20000
	92.60000	1.80000	3.00000	2.40000	800.00000	0.20000
	92.30000	1.80000	3.00000	2.70000	800.00000	0.20000
	92.00000	1.80000	3.00000	3.00000	800.00000	0.20000
954.88335	97.70000	2.10000	0.00000	0.00000	800.00000	0.20000
937.83528	97.40000	2.10000	0.00000	0.30000	800.00000	0.20000
921.77708	97.10000	2.10000	0.00000	0.60000	800.00000	0.20000
906.58978	96.80000	2.10000	0.00000	0.90000	800.00000	0.20000
892.17734	96.50000	2.10000	0.00000	1.20000	800.00000	0.20000
878.46072	96.20000	2.10000	0.00000	1.50000	800.00000	0.20000
865.37379	95.90000	2.10000	0.00000	1.80000	800.00000	0.20000
852.86047	95.60000	2.10000	0.00000	2.10000	800.00000	0.20000
840.87270	95.30000	2.10000	0.00000	2.40000	800.00000	0.20000
829.36890	95.00000	2.10000	0.00000	2.70000	800.00000	0.20000
818.31282	94.70000	2.10000	0.00000	3.00000	800.00000	0.20000
1004.68110	97.40000	2.10000	0.30000	0.00000	800.00000	0.20000
984.80657	97.10000	2.10000	0.30000	0.30000	800.00000	0.20000
966.35259	96.80000	2.10000	0.30000	0.60000	800.00000	0.20000
949.09618	96.50000	2.10000	0.30000	0.90000	800.00000	0.20000
932.87045	96.20000	2.10000	0.30000	1.20000	800.00000	0.20000
917.54597	95.90000	2.10000	0.30000	1.50000	800.00000	0.20000
903.01946	95.60000	2.10000	0.30000	1.80000	800.00000	0.20000
889.20670	95.30000	2.10000	0.30000	2.10000	800.00000	0.20000
876.03773	95.00000	2.10000	0.30000	2.40000	800.00000	0.20000
863.45360	94.70000	2.10000	0.30000	2.70000	800.00000	0.20000
851.40401	94.40000	2.10000	0.30000	3.00000	800.00000	0.20000
1066.83821	97.10000	2.10000	0.60000	0.00000	800.00000	0.20000
1041.32183	96.80000	2.10000	0.60000	0.30000	800.00000	0.20000
1018.51500	96.50000	2.10000	0.60000	0.60000	800.00000	0.20000
997.74354	96.20000	2.10000	0.60000	0.90000	800.00000	0.20000
978.58762	95.90000	2.10000	0.60000	1.20000	800.00000	0.20000
960.76254	95.60000	2.10000	0.60000	1.50000	800.00000	0.20000
944.06327	95.30000	2.10000	0.60000	1.80000	800.00000	0.20000
928.33547	95.00000	2.10000	0.60000	2.10000	800.00000	0.20000
913.45883	94.70000	2.10000	0.60000	2.40000	800.00000	0.20000
899.33709	94.40000	2.10000	0.60000	2.70000	800.00000	0.20000
885.89153	94.10000	2.10000	0.60000	3.00000	800.00000	0.20000
	96.80000	2.10000	0.90000	0.00000	800.00000	0.20000
	96.50000	2.10000	0.90000	0.30000	800.00000	0.20000
1090.64058	96.20000	2.10000	0.90000	0.60000	800.00000	0.20000
1061.08306	95.90000	2.10000	0.90000	0.90000	800.00000	0.20000
1035.68946	95.60000	2.10000	0.90000	1.20000	800.00000	0.20000
1013.08582	95.30000	2.10000	0.90000	1.50000	800.00000	0.20000
992.54613	95.00000	2.10000	0.90000	1.80000	800.00000	0.20000
973.62771	94.70000	2.10000	0.90000	2.10000	800.00000	0.20000
956.03483	94.40000	2.10000	0.90000	2.40000	800.00000	0.20000
939.55695	94.10000	2.10000	0.90000	2.70000	800.00000	0.20000
924.03696	93.80000	2.10000	0.90000	3.00000	800.00000	0.20000
	96.50000	2.10000	1.20000	0.00000	800.00000	0.20000
	96.20000	2.10000	1.20000	0.30000	800.00000	0.20000
	95.90000	2.10000	1.20000	0.60000	800.00000	0.20000
	95.60000	2.10000	1.20000	0.90000	800.00000	0.20000
	95.30000	2.10000	1.20000	1.20000	800.00000	0.20000
1091.77382	95.00000	2.10000	1.20000	1.50000	800.00000	0.20000
1059.78595	94.70000	2.10000	1.20000	1.80000	800.00000	0.20000
1033.20346	94.40000	2.10000	1.20000	2.10000	800.00000	0.20000
1009.92900	94.10000	2.10000	1.20000	2.40000	800.00000	0.20000
988.98224	93.80000	2.10000	1.20000	2.70000	800.00000	0.20000
969.80631	93.50000	2.10000	1.20000	3.00000	800.00000	0.20000
	96.20000	2.10000	1.50000	0.00000	800.00000	0.20000
	95.90000	2.10000	1.50000	0.30000	800.00000	0.20000
	95.60000	2.10000	1.50000	0.60000	800.00000	0.20000
	95.30000	2.10000	1.50000	0.90000	800.00000	0.20000
	95.00000	2.10000	1.50000	1.20000	800.00000	0.20000
	94.70000	2.10000	1.50000	1.50000	800.00000	0.20000
	94.40000	2.10000	1.50000	1.80000	800.00000	0.20000
	94.10000	2.10000	1.50000	2.10000	800.00000	0.20000
1105.37824	93.80000	2.10000	1.50000	2.40000	800.00000	0.20000
1064.80656	93.50000	2.10000	1.50000	2.70000	800.00000	0.20000
1034.69216	93.20000	2.10000	1.50000	3.00000	800.00000	0.20000
	95.90000	2.10000	1.80000	0.00000	800.00000	0.20000
	95.60000	2.10000	1.80000	0.30000	800.00000	0.20000
	95.30000	2.10000	1.80000	0.60000	800.00000	0.20000
	95.00000	2.10000	1.80000	0.90000	800.00000	0.20000
	94.70000	2.10000	1.80000	1.20000	800.00000	0.20000
	94.40000	2.10000	1.80000	1.50000	800.00000	0.20000
	94.10000	2.10000	1.80000	1.80000	800.00000	0.20000
	93.80000	2.10000	1.80000	2.10000	800.00000	0.20000
	93.50000	2.10000	1.80000	2.40000	800.00000	0.20000
	93.20000	2.10000	1.80000	2.70000	800.00000	0.20000
	92.90000	2.10000	1.80000	3.00000	800.00000	0.20000
	95.60000	2.10000	2.10000	0.00000	800.00000	0.20000
	95.30000	2.10000	2.10000	0.30000	800.00000	0.20000
	95.00000	2.10000	2.10000	0.60000	800.00000	0.20000
	94.70000	2.10000	2.10000	0.90000	800.00000	0.20000
	94.40000	2.10000	2.10000	1.20000	800.00000	0.20000
	94.10000	2.10000	2.10000	1.50000	800.00000	0.20000
	93.80000	2.10000	2.10000	1.80000	800.00000	0.20000
	93.50000	2.10000	2.10000	2.10000	800.00000	0.20000
	93.20000	2.10000	2.10000	2.40000	800.00000	0.20000
	92.90000	2.10000	2.10000	2.70000	800.00000	0.20000
	92.60000	2.10000	2.10000	3.00000	800.00000	0.20000
	95.30000	2.10000	2.40000	0.00000	800.00000	0.20000
	95.00000	2.10000	2.40000	0.30000	800.00000	0.20000
	94.70000	2.10000	2.40000	0.60000	800.00000	0.20000
	94.40000	2.10000	2.40000	0.90000	800.00000	0.20000
	94.10000	2.10000	2.40000	1.20000	800.00000	0.20000
	93.80000	2.10000	2.40000	1.50000	800.00000	0.20000
	93.50000	2.10000	2.40000	1.80000	800.00000	0.20000
	93.20000	2.10000	2.40000	2.10000	800.00000	0.20000
	92.90000	2.10000	2.40000	2.40000	800.00000	0.20000
	92.60000	2.10000	2.40000	2.70000	800.00000	0.20000
	92.30000	2.10000	2.40000	3.00000	800.00000	0.20000
	95.00000	2.10000	2.70000	0.00000	800.00000	0.20000
	94.70000	2.10000	2.70000	0.30000	800.00000	0.20000
	94.40000	2.10000	2.70000	0.60000	800.00000	0.20000
	94.10000	2.10000	2.70000	0.90000	800.00000	0.20000
	93.80000	2.10000	2.70000	1.20000	800.00000	0.20000
	93.50000	2.10000	2.70000	1.50000	800.00000	0.20000
	93.20000	2.10000	2.70000	1.80000	800.00000	0.20000
	92.90000	2.10000	2.70000	2.10000	800.00000	0.20000
	92.60000	2.10000	2.70000	2.40000	800.00000	0.20000
	92.30000	2.10000	2.70000	2.70000	800.00000	0.20000
	92.00000	2.10000	2.70000	3.00000	800.00000	0.20000
	94.70000	2.10000	3.00000	0.00000	800.00000	0.20000
	94.40000	2.10000	3.00000	0.30000	800.00000	0.20000
	94.10000	2.10000	3.00000	0.60000	800.00000	0.20000
	93.80000	2.10000	3.00000	0.90000	800.00000	0.20000
	93.50000	2.10000	3.00000	1.20000	800.00000	0.20000
	93.20000	2.10000	3.00000	1.50000	800.00000	0.20000
	92.90000	2.10000	3.00000	1.80000	800.00000	0.20000
	92.60000	2.10000	3.00000	2.10000	800.00000	0.20000
	92.30000	2.10000	3.00000	2.40000	800.00000	0.20000
	92.00000	2.10000	3.00000	2.70000	800.00000	0.20000
	91.70000	2.10000	3.00000	3.00000	800.00000	0.20000
980.84016	97.40000	2.40000	0.00000	0.00000	800.00000	0.20000
961.72809	97.10000	2.40000	0.00000	0.30000	800.00000	0.20000
943.87839	96.80000	2.40000	0.00000	0.60000	800.00000	0.20000
927.11040	96.50000	2.40000	0.00000	0.90000	800.00000	0.20000
911.28496	96.20000	2.40000	0.00000	1.20000	800.00000	0.20000
896.29175	95.90000	2.40000	0.00000	1.50000	800.00000	0.20000
882.04127	95.60000	2.40000	0.00000	1.80000	800.00000	0.20000
868.45951	95.30000	2.40000	0.00000	2.10000	800.00000	0.20000
855.48439	95.00000	2.40000	0.00000	2.40000	800.00000	0.20000
843.06313	94.70000	2.40000	0.00000	2.70000	800.00000	0.20000
831.15043	94.40000	2.40000	0.00000	3.00000	800.00000	0.20000
1037.60294	97.10000	2.40000	0.30000	0.00000	800.00000	0.20000
1014.32616	96.80000	2.40000	0.30000	0.30000	800.00000	0.20000
993.11816	96.50000	2.40000	0.30000	0.60000	800.00000	0.20000
973.55550	96.20000	2.40000	0.30000	0.90000	800.00000	0.20000
955.35001	95.90000	2.40000	0.30000	1.20000	800.00000	0.20000
938.29367	95.60000	2.40000	0.30000	1.50000	800.00000	0.20000
922.22959	95.30000	2.40000	0.30000	1.80000	800.00000	0.20000
907.03541	95.00000	2.40000	0.30000	2.10000	800.00000	0.20000
892.61314	94.70000	2.40000	0.30000	2.40000	800.00000	0.20000
878.88263	94.40000	2.40000	0.30000	2.70000	800.00000	0.20000
865.77718	94.10000	2.40000	0.30000	3.00000	800.00000	0.20000
1118.78962	96.80000	2.40000	0.60000	0.00000	800.00000	0.20000
1083.68604	96.50000	2.40000	0.60000	0.30000	800.00000	0.20000
1054.82409	96.20000	2.40000	0.60000	0.60000	800.00000	0.20000
1029.69324	95.90000	2.40000	0.60000	0.90000	800.00000	0.20000
1007.16028	95.60000	2.40000	0.60000	1.20000	800.00000	0.20000
986.59302	95.30000	2.40000	0.60000	1.50000	800.00000	0.20000
967.59286	95.00000	2.40000	0.60000	1.80000	800.00000	0.20000
949.88737	94.70000	2.40000	0.60000	2.10000	800.00000	0.20000
933.27932	94.40000	2.40000	0.60000	2.40000	800.00000	0.20000
917.61970	94.10000	2.40000	0.60000	2.70000	800.00000	0.20000
902.79213	93.80000	2.40000	0.60000	3.00000	800.00000	0.20000
	96.50000	2.40000	0.90000	0.00000	800.00000	0.20000
	96.20000	2.40000	0.90000	0.30000	800.00000	0.20000
	95.90000	2.40000	0.90000	0.60000	800.00000	0.20000
1116.01832	95.60000	2.40000	0.90000	0.90000	800.00000	0.20000
1079.28663	95.30000	2.40000	0.90000	1.20000	800.00000	0.20000
1049.90765	95.00000	2.40000	0.90000	1.50000	800.00000	0.20000
1024.62170	94.70000	2.40000	0.90000	1.80000	800.00000	0.20000
1002.08841	94.40000	2.40000	0.90000	2.10000	800.00000	0.20000
981.59471	94.10000	2.40000	0.90000	2.40000	800.00000	0.20000
962.70422	93.80000	2.40000	0.90000	2.70000	800.00000	0.20000
945.12487	93.50000	2.40000	0.90000	3.00000	800.00000	0.20000
	96.20000	2.40000	1.20000	0.00000	800.00000	0.20000
	95.90000	2.40000	1.20000	0.30000	800.00000	0.20000
	95.60000	2.40000	1.20000	0.60000	800.00000	0.20000
	95.30000	2.40000	1.20000	0.90000	800.00000	0.20000
	95.00000	2.40000	1.20000	1.20000	800.00000	0.20000
	94.70000	2.40000	1.20000	1.50000	800.00000	0.20000
1126.80464	94.40000	2.40000	1.20000	1.80000	800.00000	0.20000
1081.57223	94.10000	2.40000	1.20000	2.10000	800.00000	0.20000
1049.28153	93.80000	2.40000	1.20000	2.40000	800.00000	0.20000
1022.52260	93.50000	2.40000	1.20000	2.70000	800.00000	0.20000
999.12254	93.20000	2.40000	1.20000	3.00000	800.00000	0.20000
	95.90000	2.40000	1.50000	0.00000	800.00000	0.20000
	95.60000	2.40000	1.50000	0.30000	800.00000	0.20000
	95.30000	2.40000	1.50000	0.60000	800.00000	0.20000
	95.00000	2.40000	1.50000	0.90000	800.00000	0.20000
	94.70000	2.40000	1.50000	1.20000	800.00000	0.20000
	94.40000	2.40000	1.50000	1.50000	800.00000	0.20000
	94.10000	2.40000	1.50000	1.80000	800.00000	0.20000
	93.80000	2.40000	1.50000	2.10000	800.00000	0.20000
	93.50000	2.40000	1.50000	2.40000	800.00000	0.20000
	93.20000	2.40000	1.50000	2.70000	800.00000	0.20000
1097.33597	92.90000	2.40000	1.50000	3.00000	800.00000	0.20000
	95.60000	2.40000	1.80000	0.00000	800.00000	0.20000
	95.30000	2.40000	1.80000	0.30000	800.00000	0.20000
	95.00000	2.40000	1.80000	0.60000	800.00000	0.20000
	94.70000	2.40000	1.80000	0.90000	800.00000	0.20000
	94.40000	2.40000	1.80000	1.20000	800.00000	0.20000
	94.10000	2.40000	1.80000	1.50000	800.00000	0.20000
	93.80000	2.40000	1.80000	1.80000	800.00000	0.20000
	93.50000	2.40000	1.80000	2.10000	800.00000	0.20000
	93.20000	2.40000	1.80000	2.40000	800.00000	0.20000
	92.90000	2.40000	1.80000	2.70000	800.00000	0.20000
	92.60000	2.40000	1.80000	3.00000	800.00000	0.20000
	95.30000	2.40000	2.10000	0.00000	800.00000	0.20000
	95.00000	2.40000	2.10000	0.30000	800.00000	0.20000
	94.70000	2.40000	2.10000	0.60000	800.00000	0.20000
	94.40000	2.40000	2.10000	0.90000	800.00000	0.20000
	94.10000	2.40000	2.10000	1.20000	800.00000	0.20000
	93.80000	2.40000	2.10000	1.50000	800.00000	0.20000
	93.50000	2.40000	2.10000	1.80000	800.00000	0.20000
	93.20000	2.40000	2.10000	2.10000	800.00000	0.20000
	92.90000	2.40000	2.10000	2.40000	800.00000	0.20000
	92.60000	2.40000	2.10000	2.70000	800.00000	0.20000
	92.30000	2.40000	2.10000	3.00000	800.00000	0.20000
	95.00000	2.40000	2.40000	0.00000	800.00000	0.20000
	94.70000	2.40000	2.40000	0.30000	800.00000	0.20000
	94.40000	2.40000	2.40000	0.60000	800.00000	0.20000
	94.10000	2.40000	2.40000	0.90000	800.00000	0.20000
	93.80000	2.40000	2.40000	1.20000	800.00000	0.20000
	93.50000	2.40000	2.40000	1.50000	800.00000	0.20000
	93.20000	2.40000	2.40000	1.80000	800.00000	0.20000
	92.90000	2.40000	2.40000	2.10000	800.00000	0.20000
	92.60000	2.40000	2.40000	2.40000	800.00000	0.20000
	92.30000	2.40000	2.40000	2.70000	800.00000	0.20000
	92.00000	2.40000	2.40000	3.00000	800.00000	0.20000
	94.70000	2.40000	2.70000	0.00000	800.00000	0.20000
	94.40000	2.40000	2.70000	0.30000	800.00000	0.20000
	94.10000	2.40000	2.70000	0.60000	800.00000	0.20000
	93.80000	2.40000	2.70000	0.90000	800.00000	0.20000
	93.50000	2.40000	2.70000	1.20000	800.00000	0.20000
	93.20000	2.40000	2.70000	1.50000	800.00000	0.20000
	92.90000	2.40000	2.70000	1.80000	800.00000	0.20000
	92.60000	2.40000	2.70000	2.10000	800.00000	0.20000
	92.30000	2.40000	2.70000	2.40000	800.00000	0.20000
	92.00000	2.40000	2.70000	2.70000	800.00000	0.20000
	91.70000	2.40000	2.70000	3.00000	800.00000	0.20000
	94.40000	2.40000	3.00000	0.00000	800.00000	0.20000
	94.10000	2.40000	3.00000	0.30000	800.00000	0.20000
	93.80000	2.40000	3.00000	0.60000	800.00000	0.20000
	93.50000	2.40000	3.00000	0.90000	800.00000	0.20000
	93.20000	2.40000	3.00000	1.20000	800.00000	0.20000
	92.90000	2.40000	3.00000	1.50000	800.00000	0.20000
	92.60000	2.40000	3.00000	1.80000	800.00000	0.20000
	92.30000	2.40000	3.00000	2.10000	800.00000	0.20000
	92.00000	2.40000	3.00000	2.40000	800.00000	0.20000
	91.70000	2.40000	3.00000	2.70000	800.00000	0.20000
	91.40000	2.40000	3.00000	3.00000	800.00000	0.20000
1012.42672	97.10000	2.70000	0.00000	0.00000	800.00000	0.20000
990.43573	96.80000	2.70000	0.00000	0.30000	800.00000	0.20000
970.18771	96.50000	2.70000	0.00000	0.60000	800.00000	0.20000
951.36892	96.20000	2.70000	0.00000	0.90000	800.00000	0.20000
933.75494	95.90000	2.70000	0.00000	1.20000	800.00000	0.20000
917.17772	95.60000	2.70000	0.00000	1.50000	800.00000	0.20000
901.50697	95.30000	2.70000	0.00000	1.80000	800.00000	0.20000
886.63890	95.00000	2.70000	0.00000	2.10000	800.00000	0.20000
872.48897	94.70000	2.70000	0.00000	2.40000	800.00000	0.20000
858.98713	94.40000	2.70000	0.00000	2.70000	800.00000	0.20000
846.07444	94.10000	2.70000	0.00000	3.00000	800.00000	0.20000
1081.67501	96.80000	2.70000	0.30000	0.00000	800.00000	0.20000
1052.34487	96.50000	2.70000	0.30000	0.30000	800.00000	0.20000
1026.75275	96.20000	2.70000	0.30000	0.60000	800.00000	0.20000
1003.78067	95.90000	2.70000	0.30000	0.90000	800.00000	0.20000
982.79876	95.60000	2.70000	0.30000	1.20000	800.00000	0.20000
963.40746	95.30000	2.70000	0.30000	1.50000	800.00000	0.20000
945.33260	95.00000	2.70000	0.30000	1.80000	800.00000	0.20000
928.37510	94.70000	2.70000	0.30000	2.10000	800.00000	0.20000
912.38430	94.40000	2.70000	0.30000	2.40000	800.00000	0.20000
897.24235	94.10000	2.70000	0.30000	2.70000	800.00000	0.20000
882.85473	93.80000	2.70000	0.30000	3.00000	800.00000	0.20000
	96.50000	2.70000	0.60000	0.00000	800.00000	0.20000
	96.20000	2.70000	0.60000	0.30000	800.00000	0.20000
1108.41093	95.90000	2.70000	0.60000	0.60000	800.00000	0.20000
1073.53815	95.60000	2.70000	0.60000	0.90000	800.00000	0.20000
1044.79952	95.30000	2.70000	0.60000	1.20000	800.00000	0.20000
1019.74474	95.00000	2.70000	0.60000	1.50000	800.00000	0.20000
997.25914	94.70000	2.70000	0.60000	1.80000	800.00000	0.20000
976.71859	94.40000	2.70000	0.60000	2.10000	800.00000	0.20000
957.72888	94.10000	2.70000	0.60000	2.40000	800.00000	0.20000
940.02037	93.80000	2.70000	0.60000	2.70000	800.00000	0.20000
923.39786	93.50000	2.70000	0.60000	3.00000	800.00000	0.20000
	96.20000	2.70000	0.90000	0.00000	800.00000	0.20000
	95.90000	2.70000	0.90000	0.30000	800.00000	0.20000
	95.60000	2.70000	0.90000	0.60000	800.00000	0.20000
	95.30000	2.70000	0.90000	0.90000	800.00000	0.20000
	95.00000	2.70000	0.90000	1.20000	800.00000	0.20000
1108.27231	94.70000	2.70000	0.90000	1.50000	800.00000	0.20000
1070.69731	94.40000	2.70000	0.90000	1.80000	800.00000	0.20000
1040.91385	94.10000	2.70000	0.90000	2.10000	800.00000	0.20000
1015.36952	93.80000	2.70000	0.90000	2.40000	800.00000	0.20000
992.64498	93.50000	2.70000	0.90000	2.70000	800.00000	0.20000
971.99575	93.20000	2.70000	0.90000	3.00000	800.00000	0.20000
	95.90000	2.70000	1.20000	0.00000	800.00000	0.20000
	95.60000	2.70000	1.20000	0.30000	800.00000	0.20000
	95.30000	2.70000	1.20000	0.60000	800.00000	0.20000
	95.00000	2.70000	1.20000	0.90000	800.00000	0.20000
	94.70000	2.70000	1.20000	1.20000	800.00000	0.20000
	94.40000	2.70000	1.20000	1.50000	800.00000	0.20000
	94.10000	2.70000	1.20000	1.80000	800.00000	0.20000
	93.80000	2.70000	1.20000	2.10000	800.00000	0.20000
1124.62126	93.50000	2.70000	1.20000	2.40000	800.00000	0.20000
1074.95830	93.20000	2.70000	1.20000	2.70000	800.00000	0.20000
1041.38020	92.90000	2.70000	1.20000	3.00000	800.00000	0.20000
	95.60000	2.70000	1.50000	0.00000	800.00000	0.20000
	95.30000	2.70000	1.50000	0.30000	800.00000	0.20000
	95.00000	2.70000	1.50000	0.60000	800.00000	0.20000
	94.70000	2.70000	1.50000	0.90000	800.00000	0.20000
	94.40000	2.70000	1.50000	1.20000	800.00000	0.20000
	94.10000	2.70000	1.50000	1.50000	800.00000	0.20000
	93.80000	2.70000	1.50000	1.80000	800.00000	0.20000
	93.50000	2.70000	1.50000	2.10000	800.00000	0.20000
	93.20000	2.70000	1.50000	2.40000	800.00000	0.20000
	92.90000	2.70000	1.50000	2.70000	800.00000	0.20000
	92.60000	2.70000	1.50000	3.00000	800.00000	0.20000
	95.30000	2.70000	1.80000	0.00000	800.00000	0.20000
	95.00000	2.70000	1.80000	0.30000	800.00000	0.20000
	94.70000	2.70000	1.80000	0.60000	800.00000	0.20000
	94.40000	2.70000	1.80000	0.90000	800.00000	0.20000
	94.10000	2.70000	1.80000	1.20000	800.00000	0.20000
	93.80000	2.70000	1.80000	1.50000	800.00000	0.20000
	93.50000	2.70000	1.80000	1.80000	800.00000	0.20000
	93.20000	2.70000	1.80000	2.10000	800.00000	0.20000
	92.90000	2.70000	1.80000	2.40000	800.00000	0.20000
	92.60000	2.70000	1.80000	2.70000	800.00000	0.20000
	92.30000	2.70000	1.80000	3.00000	800.00000	0.20000
	95.00000	2.70000	2.10000	0.00000	800.00000	0.20000
	94.70000	2.70000	2.10000	0.30000	800.00000	0.20000
	94.40000	2.70000	2.10000	0.60000	800.00000	0.20000
	94.10000	2.70000	2.10000	0.90000	800.00000	0.20000
	93.80000	2.70000	2.10000	1.20000	800.00000	0.20000
	93.50000	2.70000	2.10000	1.50000	800.00000	0.20000
	93.20000	2.70000	2.10000	1.80000	800.00000	0.20000
	92.90000	2.70000	2.10000	2.10000	800.00000	0.20000
	92.60000	2.70000	2.10000	2.40000	800.00000	0.20000
	92.30000	2.70000	2.10000	2.70000	800.00000	0.20000
	92.00000	2.70000	2.10000	3.00000	800.00000	0.20000
	94.70000	2.70000	2.40000	0.00000	800.00000	0.20000
	94.40000	2.70000	2.40000	0.30000	800.00000	0.20000
	94.10000	2.70000	2.40000	0.60000	800.00000	0.20000
	93.80000	2.70000	2.40000	0.90000	800.00000	0.20000
	93.50000	2.70000	2.40000	1.20000	800.00000	0.20000
	93.20000	2.70000	2.40000	1.50000	800.00000	0.20000
	92.90000	2.70000	2.40000	1.80000	800.00000	0.20000
	92.60000	2.70000	2.40000	2.10000	800.00000	0.20000
	92.30000	2.70000	2.40000	2.40000	800.00000	0.20000
	92.00000	2.70000	2.40000	2.70000	800.00000	0.20000
	91.70000	2.70000	2.40000	3.00000	800.00000	0.20000
	94.40000	2.70000	2.70000	0.00000	800.00000	0.20000
	94.10000	2.70000	2.70000	0.30000	800.00000	0.20000
	93.80000	2.70000	2.70000	0.60000	800.00000	0.20000
	93.50000	2.70000	2.70000	0.90000	800.00000	0.20000
	93.20000	2.70000	2.70000	1.20000	800.00000	0.20000
	92.90000	2.70000	2.70000	1.50000	800.00000	0.20000
	92.60000	2.70000	2.70000	1.80000	800.00000	0.20000
	92.30000	2.70000	2.70000	2.10000	800.00000	0.20000
	92.00000	2.70000	2.70000	2.40000	800.00000	0.20000
	91.70000	2.70000	2.70000	2.70000	800.00000	0.20000
	91.40000	2.70000	2.70000	3.00000	800.00000	0.20000
	94.10000	2.70000	3.00000	0.00000	800.00000	0.20000
	93.80000	2.70000	3.00000	0.30000	800.00000	0.20000
	93.50000	2.70000	3.00000	0.60000	800.00000	0.20000
	93.20000	2.70000	3.00000	0.90000	800.00000	0.20000
	92.90000	2.70000	3.00000	1.20000	800.00000	0.20000
	92.60000	2.70000	3.00000	1.50000	800.00000	0.20000
	92.30000	2.70000	3.00000	1.80000	800.00000	0.20000
	92.00000	2.70000	3.00000	2.10000	800.00000	0.20000
	91.70000	2.70000	3.00000	2.40000	800.00000	0.20000
	91.40000	2.70000	3.00000	2.70000	800.00000	0.20000
	91.10000	2.70000	3.00000	3.00000	800.00000	0.20000
1053.22954	96.80000	3.00000	0.00000	0.00000	800.00000	0.20000
1026.55923	96.50000	3.00000	0.00000	0.30000	800.00000	0.20000
1002.70660	96.20000	3.00000	0.00000	0.60000	800.00000	0.20000
980.97153	95.90000	3.00000	0.00000	0.90000	800.00000	0.20000
960.91674	95.60000	3.00000	0.00000	1.20000	800.00000	0.20000
942.24538	95.30000	3.00000	0.00000	1.50000	800.00000	0.20000
924.74375	95.00000	3.00000	0.00000	1.80000	800.00000	0.20000
908.25114	94.70000	3.00000	0.00000	2.10000	800.00000	0.20000
892.64257	94.40000	3.00000	0.00000	2.40000	800.00000	0.20000
877.81824	94.10000	3.00000	0.00000	2.70000	800.00000	0.20000
863.69677	93.80000	3.00000	0.00000	3.00000	800.00000	0.20000
	96.50000	3.00000	0.30000	0.00000	800.00000	0.20000
1108.00087	96.20000	3.00000	0.30000	0.30000	800.00000	0.20000
1072.68514	95.90000	3.00000	0.30000	0.60000	800.00000	0.20000
1043.45613	95.60000	3.00000	0.30000	0.90000	800.00000	0.20000
1017.92539	95.30000	3.00000	0.30000	1.20000	800.00000	0.20000
994.98895	95.00000	3.00000	0.30000	1.50000	800.00000	0.20000
974.02346	94.70000	3.00000	0.30000	1.80000	800.00000	0.20000
954.63318	94.40000	3.00000	0.30000	2.10000	800.00000	0.20000
936.54648	94.10000	3.00000	0.30000	2.40000	800.00000	0.20000
919.56624	93.80000	3.00000	0.30000	2.70000	800.00000	0.20000
903.54337	93.50000	3.00000	0.30000	3.00000	800.00000	0.20000
	96.20000	3.00000	0.60000	0.00000	800.00000	0.20000
	95.90000	3.00000	0.60000	0.30000	800.00000	0.20000
	95.60000	3.00000	0.60000	0.60000	800.00000	0.20000
	95.30000	3.00000	0.60000	0.90000	800.00000	0.20000
1102.26164	95.00000	3.00000	0.60000	1.20000	800.00000	0.20000
1066.48485	94.70000	3.00000	0.60000	1.50000	800.00000	0.20000
1037.26883	94.40000	3.00000	0.60000	1.80000	800.00000	0.20000
1011.89716	94.10000	3.00000	0.60000	2.10000	800.00000	0.20000
989.17278	93.80000	3.00000	0.60000	2.40000	800.00000	0.20000
968.43678	93.50000	3.00000	0.60000	2.70000	800.00000	0.20000
949.27765	93.20000	3.00000	0.60000	3.00000	800.00000	0.20000
	95.90000	3.00000	0.90000	0.00000	800.00000	0.20000
	95.60000	3.00000	0.90000	0.30000	800.00000	0.20000
	95.30000	3.00000	0.90000	0.60000	800.00000	0.20000
	95.00000	3.00000	0.90000	0.90000	800.00000	0.20000
	94.70000	3.00000	0.90000	1.20000	800.00000	0.20000
	94.40000	3.00000	0.90000	1.50000	800.00000	0.20000
	94.10000	3.00000	0.90000	1.80000	800.00000	0.20000
1106.13658	93.80000	3.00000	0.90000	2.10000	800.00000	0.20000
1065.75606	93.50000	3.00000	0.90000	2.40000	800.00000	0.20000
1034.73121	93.20000	3.00000	0.90000	2.70000	800.00000	0.20000
1008.42805	92.90000	3.00000	0.90000	3.00000	800.00000	0.20000
	95.60000	3.00000	1.20000	0.00000	800.00000	0.20000
	95.30000	3.00000	1.20000	0.30000	800.00000	0.20000
	95.00000	3.00000	1.20000	0.60000	800.00000	0.20000
	94.70000	3.00000	1.20000	0.90000	800.00000	0.20000
	94.40000	3.00000	1.20000	1.20000	800.00000	0.20000
	94.10000	3.00000	1.20000	1.50000	800.00000	0.20000
	93.80000	3.00000	1.20000	1.80000	800.00000	0.20000
	93.50000	3.00000	1.20000	2.10000	800.00000	0.20000
	93.20000	3.00000	1.20000	2.40000	800.00000	0.20000
	92.90000	3.00000	1.20000	2.70000	800.00000	0.20000
	92.60000	3.00000	1.20000	3.00000	800.00000	0.20000
	95.30000	3.00000	1.50000	0.00000	800.00000	0.20000
	95.00000	3.00000	1.50000	0.30000	800.00000	0.20000
	94.70000	3.00000	1.50000	0.60000	800.00000	0.20000
	94.40000	3.00000	1.50000	0.90000	800.00000	0.20000
	94.10000	3.00000	1.50000	1.20000	800.00000	0.20000
	93.80000	3.00000	1.50000	1.50000	800.00000	0.20000
	93.50000	3.00000	1.50000	1.80000	800.00000	0.20000
	93.20000	3.00000	1.50000	2.10000	800.00000	0.20000
	92.90000	3.00000	1.50000	2.40000	800.00000	0.20000
	92.60000	3.00000	1.50000	2.70000	800.00000	0.20000
	92.30000	3.00000	1.50000	3.00000	800.00000	0.20000
	95.00000	3.00000	1.80000	0.00000	800.00000	0.20000
	94.70000	3.00000	1.80000	0.30000	800.00000	0.20000
	94.40000	3.00000	1.80000	0.60000	800.00000	0.20000
	94.10000	3.00000	1.80000	0.90000	800.00000	0.20000
	93.80000	3.00000	1.80000	1.20000	800.00000	0.20000
	93.50000	3.00000	1.80000	1.50000	800.00000	0.20000
	93.20000	3.00000	1.80000	1.80000	800.00000	0.20000
	92.90000	3.00000	1.80000	2.10000	800.00000	0.20000
	92.60000	3.00000	1.80000	2.40000	800.00000	0.20000
	92.30000	3.00000	1.80000	2.70000	800.00000	0.20000
	92.00000	3.00000	1.80000	3.00000	800.00000	0.20000
	94.70000	3.00000	2.10000	0.00000	800.00000	0.20000
	94.40000	3.00000	2.10000	0.30000	800.00000	0.20000
	94.10000	3.00000	2.10000	0.60000	800.00000	0.20000
	93.80000	3.00000	2.10000	0.90000	800.00000	0.20000
	93.50000	3.00000	2.10000	1.20000	800.00000	0.20000
	93.20000	3.00000	2.10000	1.50000	800.00000	0.20000
	92.90000	3.00000	2.10000	1.80000	800.00000	0.20000
	92.60000	3.00000	2.10000	2.10000	800.00000	0.20000
	92.30000	3.00000	2.10000	2.40000	800.00000	0.20000
	92.00000	3.00000	2.10000	2.70000	800.00000	0.20000
	91.70000	3.00000	2.10000	3.00000	800.00000	0.20000
	94.40000	3.00000	2.40000	0.00000	800.00000	0.20000
	94.10000	3.00000	2.40000	0.30000	800.00000	0.20000
	93.80000	3.00000	2.40000	0.60000	800.00000	0.20000
	93.50000	3.00000	2.40000	0.90000	800.00000	0.20000
	93.20000	3.00000	2.40000	1.20000	800.00000	0.20000
	92.90000	3.00000	2.40000	1.50000	800.00000	0.20000
	92.60000	3.00000	2.40000	1.80000	800.00000	0.20000
	92.30000	3.00000	2.40000	2.10000	800.00000	0.20000
	92.00000	3.00000	2.40000	2.40000	800.00000	0.20000
	91.70000	3.00000	2.40000	2.70000	800.00000	0.20000
	91.40000	3.00000	2.40000	3.00000	800.00000	0.20000
	94.10000	3.00000	2.70000	0.00000	800.00000	0.20000
	93.80000	3.00000	2.70000	0.30000	800.00000	0.20000
	93.50000	3.00000	2.70000	0.60000	800.00000	0.20000
	93.20000	3.00000	2.70000	0.90000	800.00000	0.20000
	92.90000	3.00000	2.70000	1.20000	800.00000	0.20000
	92.60000	3.00000	2.70000	1.50000	800.00000	0.20000
	92.30000	3.00000	2.70000	1.80000	800.00000	0.20000
	92.00000	3.00000	2.70000	2.10000	800.00000	0.20000
	91.70000	3.00000	2.70000	2.40000	800.00000	0.20000
	91.40000	3.00000	2.70000	2.70000	800.00000	0.20000
	91.10000	3.00000	2.70000	3.00000	800.00000	0.20000
	93.80000	3.00000	3.00000	0.00000	800.00000	0.20000
	93.50000	3.00000	3.00000	0.30000	800.00000	0.20000
	93.20000	3.00000	3.00000	0.60000	800.00000	0.20000
	92.90000	3.00000	3.00000	0.90000	800.00000	0.20000
	92.60000	3.00000	3.00000	1.20000	800.00000	0.20000
	92.30000	3.00000	3.00000	1.50000	800.00000	0.20000
	92.00000	3.00000	3.00000	1.80000	800.00000	0.20000
	91.70000	3.00000	3.00000	2.10000	800.00000	0.20000
	91.40000	3.00000	3.00000	2.40000	800.00000	0.20000
	91.10000	3.00000	3.00000	2.70000	800.00000	0.20000
	90.80000	3.00000	3.00000	3.00000	800.00000	0.20000
