Relaxed condition: Temperature,Mass percent Fe,Mass percent Si,Mass percent Al,Mass percent Mn,Temperature [K],Mass percent C
1109.55579,99.8,0,0,0,1373.15,0.2
1100.78752,99.5,0,0,0.3,1373.15,0.2
1092.28497,99.2,0,0,0.6,1373.15,0.2
1786.12826,98.9,0,0,0.9,1373.15,0.2
1787.93821,98.6,0,0,1.2,1373.15,0.2
1789.62984,98.3,0,0,1.5,1373.15,0.2
1791.21044,98,0,0,1.8,1373.15,0.2
1792.68667,97.7,0,0,2.1,1373.15,0.2
1794.0646,97.4,0,0,2.4,1373.15,0.2
1795.3498,97.1,0,0,2.7,1373.15,0.2
1796.54742,96.8,0,0,3,1373.15,0.2
1147.05418,99.5,0,0.3,0,1373.15,0.2
1137.39579,99.2,0,0.3,0.3,1373.15,0.2
1128.03895,98.9,0,0.3,0.6,1373.15,0.2
1118.96732,98.6,0,0.3,0.9,1373.15,0.2
1110.16611,98.3,0,0.3,1.2,1373.15,0.2
1101.62194,98,0,0.3,1.5,1373.15,0.2
1093.32263,97.7,0,0.3,1.8,1373.15,0.2
1779.13055,97.4,0,0.3,2.1,1373.15,0.2
1780.42165,97.1,0,0.3,2.4,1373.15,0.2
1781.61568,96.8,0,0.3,2.7,1373.15,0.2
1782.71855,96.5,0,0.3,3,1373.15,0.2
1183.07297,99.2,0,0.6,0,1373.15,0.2
1172.32088,98.9,0,0.6,0.3,1373.15,0.2
1161.92314,98.6,0,0.6,0.6,1373.15,0.2
1151.85814,98.3,0,0.6,0.9,1373.15,0.2
1142.10663,98,0,0.6,1.2,1373.15,0.2
1132.6513,97.7,0,0.6,1.5,1373.15,0.2
1123.47657,97.4,0,0.6,1.8,1373.15,0.2
1114.56832,97.1,0,0.6,2.1,1373.15,0.2
1105.91375,96.8,0,0.6,2.4,1373.15,0.2
1097.5013,96.5,0,0.6,2.7,1373.15,0.2
1765.04074,96.2,0,0.6,3,1373.15,0.2
1220.46184,98.9,0,0.9,0,1373.15,0.2
1208.33704,98.6,0,0.9,0.3,1373.15,0.2
1196.65083,98.3,0,0.9,0.6,1373.15,0.2
1185.37171,98,0,0.9,0.9,1373.15,0.2
1174.47217,97.7,0,0.9,1.2,1373.15,0.2
1163.928,97.4,0,0.9,1.5,1373.15,0.2
1153.71774,97.1,0,0.9,1.8,1373.15,0.2
1143.82223,96.8,0,0.9,2.1,1373.15,0.2
1134.22429,96.5,0,0.9,2.4,1373.15,0.2
1124.90846,96.2,0,0.9,2.7,1373.15,0.2
1115.8608,95.9,0,0.9,3,1373.15,0.2
1261.8802,98.6,0,1.2,0,1373.15,0.2
1247.85801,98.3,0,1.2,0.3,1373.15,0.2
1234.43333,98,0,1.2,0.6,1373.15,0.2
1221.55038,97.7,0,1.2,0.9,1373.15,0.2
1209.16261,97.4,0,1.2,1.2,1373.15,0.2
1197.23056,97.1,0,1.2,1.5,1373.15,0.2
1185.72036,96.8,0,1.2,1.8,1373.15,0.2
1174.60265,96.5,0,1.2,2.1,1373.15,0.2
1163.85172,96.2,0,1.2,2.4,1373.15,0.2
1153.44489,95.9,0,1.2,2.7,1373.15,0.2
1143.36206,95.6,0,1.2,3,1373.15,0.2
1312.06834,98.3,0,1.5,0,1373.15,0.2
1294.85392,98,0,1.5,0.3,1373.15,0.2
1278.65196,97.7,0,1.5,0.6,1373.15,0.2
1263.31467,97.4,0,1.5,0.9,1373.15,0.2
1248.7307,97.1,0,1.5,1.2,1373.15,0.2
1234.81339,96.8,0,1.5,1.5,1373.15,0.2
1221.49341,96.5,0,1.5,1.8,1373.15,0.2
1208.71418,96.2,0,1.5,2.1,1373.15,0.2
1196.42859,95.9,0,1.5,2.4,1373.15,0.2
1184.59689,95.6,0,1.5,2.7,1373.15,0.2
1173.18494,95.3,0,1.5,3,1373.15,0.2
1387.68983,98,0,1.8,0,1373.15,0.2
1361.03664,97.7,0,1.8,0.3,1373.15,0.2
1338.05435,97.4,0,1.8,0.6,1373.15,0.2
1317.46461,97.1,0,1.8,0.9,1373.15,0.2
1298.61797,96.8,0,1.8,1.2,1373.15,0.2
1281.129,96.5,0,1.8,1.5,1373.15,0.2
1264.74568,96.2,0,1.8,1.8,1373.15,0.2
1249.29176,95.9,0,1.8,2.1,1373.15,0.2
1234.63773,95.6,0,1.8,2.4,1373.15,0.2
1220.68477,95.3,0,1.8,2.7,1373.15,0.2
1207.35515,95,0,1.8,3,1373.15,0.2
,97.7,0,2.1,0,1373.15,0.2
,97.4,0,2.1,0.3,1373.15,0.2
,97.1,0,2.1,0.6,1373.15,0.2
1439.73951,96.8,0,2.1,0.9,1373.15,0.2
1383.54006,96.5,0,2.1,1.2,1373.15,0.2
1352.02523,96.2,0,2.1,1.5,1373.15,0.2
1326.69231,95.9,0,2.1,1.8,1373.15,0.2
1304.72105,95.6,0,2.1,2.1,1373.15,0.2
1284.98432,95.3,0,2.1,2.4,1373.15,0.2
1266.89287,95,0,2.1,2.7,1373.15,0.2
1250.09113,94.7,0,2.1,3,1373.15,0.2
,97.4,0,2.4,0,1373.15,0.2
,97.1,0,2.4,0.3,1373.15,0.2
,96.8,0,2.4,0.6,1373.15,0.2
,96.5,0,2.4,0.9,1373.15,0.2
,96.2,0,2.4,1.2,1373.15,0.2
,95.9,0,2.4,1.5,1373.15,0.2
,95.6,0,2.4,1.8,1373.15,0.2
,95.3,0,2.4,2.1,1373.15,0.2
1397.02072,95,0,2.4,2.4,1373.15,0.2
1346.70781,94.7,0,2.4,2.7,1373.15,0.2
1316.50131,94.4,0,2.4,3,1373.15,0.2
,97.1,0,2.7,0,1373.15,0.2
,96.8,0,2.7,0.3,1373.15,0.2
,96.5,0,2.7,0.6,1373.15,0.2
,96.2,0,2.7,0.9,1373.15,0.2
,95.9,0,2.7,1.2,1373.15,0.2
,95.6,0,2.7,1.5,1373.15,0.2
,95.3,0,2.7,1.8,1373.15,0.2
,95,0,2.7,2.1,1373.15,0.2
,94.7,0,2.7,2.4,1373.15,0.2
,94.4,0,2.7,2.7,1373.15,0.2
,94.1,0,2.7,3,1373.15,0.2
,96.8,0,3,0,1373.15,0.2
,96.5,0,3,0.3,1373.15,0.2
,96.2,0,3,0.6,1373.15,0.2
,95.9,0,3,0.9,1373.15,0.2
,95.6,0,3,1.2,1373.15,0.2
,95.3,0,3,1.5,1373.15,0.2
,95,0,3,1.8,1373.15,0.2
,94.7,0,3,2.1,1373.15,0.2
,94.4,0,3,2.4,1373.15,0.2
,94.1,0,3,2.7,1373.15,0.2
,93.8,0,3,3,1373.15,0.2
1123.69899,99.5,0.3,0,0,1373.15,0.2
1113.88723,99.2,0.3,0,0.3,1373.15,0.2
1104.42144,98.9,0.3,0,0.6,1373.15,0.2
1095.28106,98.6,0.3,0,0.9,1373.15,0.2
1086.44753,98.3,0.3,0,1.2,1373.15,0.2
1783.97862,98,0.3,0,1.5,1373.15,0.2
1785.93679,97.7,0.3,0,1.8,1373.15,0.2
1787.76795,97.4,0.3,0,2.1,1373.15,0.2
1789.48021,97.1,0.3,0,2.4,1373.15,0.2
1791.08094,96.8,0.3,0,2.7,1373.15,0.2
1792.57684,96.5,0.3,0,3,1373.15,0.2
1161.03855,99.2,0.3,0.3,0,1373.15,0.2
1150.32265,98.9,0.3,0.3,0.3,1373.15,0.2
1140.00121,98.6,0.3,0.3,0.6,1373.15,0.2
1130.04838,98.3,0.3,0.3,0.9,1373.15,0.2
1120.44106,98,0.3,0.3,1.2,1373.15,0.2
1111.15845,97.7,0.3,0.3,1.5,1373.15,0.2
1102.18179,97.4,0.3,0.3,1.8,1373.15,0.2
1093.49409,97.1,0.3,0.3,2.1,1373.15,0.2
1774.98333,96.8,0.3,0.3,2.4,1373.15,0.2
1776.5316,96.5,0.3,0.3,2.7,1373.15,0.2
1777.96822,96.2,0.3,0.3,3,1373.15,0.2
1198.12075,98.9,0.3,0.6,0,1373.15,0.2
1186.21279,98.6,0.3,0.6,0.3,1373.15,0.2
1174.77171,98.3,0.3,0.6,0.6,1373.15,0.2
1163.763,98,0.3,0.6,0.9,1373.15,0.2
1153.15631,97.7,0.3,0.6,1.2,1373.15,0.2
1142.9247,97.4,0.3,0.6,1.5,1373.15,0.2
1133.04415,97.1,0.3,0.6,1.8,1373.15,0.2
1123.49314,96.8,0.3,0.6,2.1,1373.15,0.2
1114.25227,96.5,0.3,0.6,2.4,1373.15,0.2
1105.30409,96.2,0.3,0.6,2.7,1373.15,0.2
1096.63272,95.9,0.3,0.6,3,1373.15,0.2
1237.55829,98.6,0.3,0.9,0,1373.15,0.2
1224.05547,98.3,0.3,0.9,0.3,1373.15,0.2
1211.14272,98,0.3,0.9,0.6,1373.15,0.2
1198.76783,97.7,0.3,0.9,0.9,1373.15,0.2
1186.88623,97.4,0.3,0.9,1.2,1373.15,0.2
1175.45949,97.1,0.3,0.9,1.5,1373.15,0.2
1164.45409,96.8,0.3,0.9,1.8,1373.15,0.2
1153.84057,96.5,0.3,0.9,2.1,1373.15,0.2
1143.59284,96.2,0.3,0.9,2.4,1373.15,0.2
1133.68766,95.9,0.3,0.9,2.7,1373.15,0.2
1124.10435,95.6,0.3,0.9,3,1373.15,0.2
1282.59681,98.3,0.3,1.2,0,1373.15,0.2
1266.69882,98,0.3,1.2,0.3,1373.15,0.2
1251.65063,97.7,0.3,1.2,0.6,1373.15,0.2
1237.35041,97.4,0.3,1.2,0.9,1373.15,0.2
1223.71687,97.1,0.3,1.2,1.2,1373.15,0.2
1210.68361,96.8,0.3,1.2,1.5,1373.15,0.2
1198.19538,96.5,0.3,1.2,1.8,1373.15,0.2
1186.20548,96.2,0.3,1.2,2.1,1373.15,0.2
1174.67391,95.9,0.3,1.2,2.4,1373.15,0.2
1163.56605,95.6,0.3,1.2,2.7,1373.15,0.2
1152.85163,95.3,0.3,1.2,3,1373.15,0.2
1340.57901,98,0.3,1.5,0,1373.15,0.2
1319.92728,97.7,0.3,1.5,0.3,1373.15,0.2
1300.98873,97.4,0.3,1.5,0.6,1373.15,0.2
1283.40765,97.1,0.3,1.5,0.9,1373.15,0.2
1266.94497,96.8,0.3,1.5,1.2,1373.15,0.2
1251.4299,96.5,0.3,1.5,1.5,1373.15,0.2
1236.7347,96.2,0.3,1.5,1.8,1373.15,0.2
1222.76043,95.9,0.3,1.5,2.1,1373.15,0.2
1209.42827,95.6,0.3,1.5,2.4,1373.15,0.2
1196.67397,95.3,0.3,1.5,2.7,1373.15,0.2
1184.44418,95,0.3,1.5,3,1373.15,0.2
,97.7,0.3,1.8,0,1373.15,0.2
1410.91548,97.4,0.3,1.8,0.3,1373.15,0.2
1375.77137,97.1,0.3,1.8,0.6,1373.15,0.2
1348.45383,96.8,0.3,1.8,0.9,1373.15,0.2
1325.09039,96.5,0.3,1.8,1.2,1373.15,0.2
1304.27732,96.2,0.3,1.8,1.5,1373.15,0.2
1285.3112,95.9,0.3,1.8,1.8,1373.15,0.2
1267.7774,95.6,0.3,1.8,2.1,1373.15,0.2
1251.40565,95.3,0.3,1.8,2.4,1373.15,0.2
1236.00721,95,0.3,1.8,2.7,1373.15,0.2
1221.44341,94.7,0.3,1.8,3,1373.15,0.2
,97.4,0.3,2.1,0,1373.15,0.2
,97.1,0.3,2.1,0.3,1373.15,0.2
,96.8,0.3,2.1,0.6,1373.15,0.2
,96.5,0.3,2.1,0.9,1373.15,0.2
,96.2,0.3,2.1,1.2,1373.15,0.2
1415.01809,95.9,0.3,2.1,1.5,1373.15,0.2
1366.54781,95.6,0.3,2.1,1.8,1373.15,0.2
1335.90621,95.3,0.3,2.1,2.1,1373.15,0.2
1311.01133,95,0.3,2.1,2.4,1373.15,0.2
1289.36192,94.7,0.3,2.1,2.7,1373.15,0.2
1269.90674,94.4,0.3,2.1,3,1373.15,0.2
,97.1,0.3,2.4,0,1373.15,0.2
,96.8,0.3,2.4,0.3,1373.15,0.2
,96.5,0.3,2.4,0.6,1373.15,0.2
,96.2,0.3,2.4,0.9,1373.15,0.2
,95.9,0.3,2.4,1.2,1373.15,0.2
,95.6,0.3,2.4,1.5,1373.15,0.2
,95.3,0.3,2.4,1.8,1373.15,0.2
,95,0.3,2.4,2.1,1373.15,0.2
,94.7,0.3,2.4,2.4,1373.15,0.2
,94.4,0.3,2.4,2.7,1373.15,0.2
1366.11393,94.1,0.3,2.4,3,1373.15,0.2
,96.8,0.3,2.7,0,1373.15,0.2
,96.5,0.3,2.7,0.3,1373.15,0.2
,96.2,0.3,2.7,0.6,1373.15,0.2
,95.9,0.3,2.7,0.9,1373.15,0.2
,95.6,0.3,2.7,1.2,1373.15,0.2
,95.3,0.3,2.7,1.5,1373.15,0.2
,95,0.3,2.7,1.8,1373.15,0.2
,94.7,0.3,2.7,2.1,1373.15,0.2
,94.4,0.3,2.7,2.4,1373.15,0.2
,94.1,0.3,2.7,2.7,1373.15,0.2
,93.8,0.3,2.7,3,1373.15,0.2
,96.5,0.3,3,0,1373.15,0.2
,96.2,0.3,3,0.3,1373.15,0.2
,95.9,0.3,3,0.6,1373.15,0.2
,95.6,0.3,3,0.9,1373.15,0.2
,95.3,0.3,3,1.2,1373.15,0.2
,95,0.3,3,1.5,1373.15,0.2
,94.7,0.3,3,1.8,1373.15,0.2
,94.4,0.3,3,2.1,1373.15,0.2
,94.1,0.3,3,2.4,1373.15,0.2
,93.8,0.3,3,2.7,1373.15,0.2
,93.5,0.3,3,3,1373.15,0.2
1138.09291,99.2,0.6,0,0,1373.15,0.2
1127.27305,98.9,0.6,0,0.3,1373.15,0.2
1116.87444,98.6,0.6,0,0.6,1373.15,0.2
1106.86868,98.3,0.6,0,0.9,1373.15,0.2
1097.23039,98,0.6,0,1.2,1373.15,0.2
1087.93676,97.7,0.6,0,1.5,1373.15,0.2
1780.54084,97.4,0.6,0,1.8,1373.15,0.2
1782.72303,97.1,0.6,0,2.1,1373.15,0.2
1784.76422,96.8,0.6,0,2.4,1373.15,0.2
1786.67385,96.5,0.6,0,2.7,1373.15,0.2
1788.46042,96.2,0.6,0,3,1373.15,0.2
1175.82429,98.9,0.6,0.3,0,1373.15,0.2
1164.01764,98.6,0.6,0.3,0.3,1373.15,0.2
1152.69906,98.3,0.6,0.3,0.6,1373.15,0.2
1141.83208,98,0.6,0.3,0.9,1373.15,0.2
1131.38446,97.7,0.6,0.3,1.2,1373.15,0.2
1121.32758,97.4,0.6,0.3,1.5,1373.15,0.2
1111.63584,97.1,0.6,0.3,1.8,1373.15,0.2
1102.28626,96.8,0.6,0.3,2.1,1373.15,0.2
1093.25816,96.5,0.6,0.3,2.4,1373.15,0.2
1771.19032,96.2,0.6,0.3,2.7,1373.15,0.2
1772.95819,95.9,0.6,0.3,3,1373.15,0.2
1214.3891,98.6,0.6,0.6,0,1373.15,0.2
1201.22586,98.3,0.6,0.6,0.3,1373.15,0.2
1188.65295,98,0.6,0.6,0.6,1373.15,0.2
1176.61965,97.7,0.6,0.6,0.9,1373.15,0.2
1165.08215,97.4,0.6,0.6,1.2,1373.15,0.2
1154.00227,97.1,0.6,0.6,1.5,1373.15,0.2
1143.34646,96.8,0.6,0.6,1.8,1373.15,0.2
1133.08498,96.5,0.6,0.6,2.1,1373.15,0.2
1123.19138,96.2,0.6,0.6,2.4,1373.15,0.2
1113.64198,95.9,0.6,0.6,2.7,1373.15,0.2
1104.41561,95.6,0.6,0.6,3,1373.15,0.2
1256.50114,98.3,0.6,0.9,0,1373.15,0.2
1241.40868,98,0.6,0.9,0.3,1373.15,0.2
1227.09317,97.7,0.6,0.9,0.6,1373.15,0.2
1213.47162,97.4,0.6,0.9,0.9,1373.15,0.2
1200.47557,97.1,0.6,0.9,1.2,1373.15,0.2
1188.04757,96.8,0.6,0.9,1.5,1373.15,0.2
1176.13867,96.5,0.6,0.9,1.8,1373.15,0.2
1164.70671,96.2,0.6,0.9,2.1,1373.15,0.2
1153.71496,95.9,0.6,0.9,2.4,1373.15,0.2
1143.13121,95.6,0.6,0.9,2.7,1373.15,0.2
1132.927,95.3,0.6,0.9,3,1373.15,0.2
1306.53732,98,0.6,1.2,0,1373.15,0.2
1288.23321,97.7,0.6,1.2,0.3,1373.15,0.2
1271.16112,97.4,0.6,1.2,0.6,1373.15,0.2
1255.12945,97.1,0.6,1.2,0.9,1373.15,0.2
1239.99533,96.8,0.6,1.2,1.2,1373.15,0.2
1225.64815,96.5,0.6,1.2,1.5,1373.15,0.2
1211.99982,96.2,0.6,1.2,1.8,1373.15,0.2
1198.97847,95.9,0.6,1.2,2.1,1373.15,0.2
1186.52436,95.6,0.6,1.2,2.4,1373.15,0.2
1174.58708,95.3,0.6,1.2,2.7,1373.15,0.2
1163.12346,95,0.6,1.2,3,1373.15,0.2
1378.01133,97.7,0.6,1.5,0,1373.15,0.2
1351.2626,97.4,0.6,1.5,0.3,1373.15,0.2
1328.04745,97.1,0.6,1.5,0.6,1373.15,0.2
1307.22825,96.8,0.6,1.5,0.9,1373.15,0.2
1288.19511,96.5,0.6,1.5,1.2,1373.15,0.2
1270.57329,96.2,0.6,1.5,1.5,1373.15,0.2
1254.1113,95.9,0.6,1.5,1.8,1373.15,0.2
1238.62953,95.6,0.6,1.5,2.1,1373.15,0.2
1223.99368,95.3,0.6,1.5,2.4,1373.15,0.2
1210.09966,95,0.6,1.5,2.7,1373.15,0.2
1196.86454,94.7,0.6,1.5,3,1373.15,0.2
,97.4,0.6,1.8,0,1373.15,0.2
,97.1,0.6,1.8,0.3,1373.15,0.2
,96.8,0.6,1.8,0.6,1373.15,0.2
1395.30348,96.5,0.6,1.8,0.9,1373.15,0.2
1360.81007,96.2,0.6,1.8,1.2,1373.15,0.2
1333.74768,95.9,0.6,1.8,1.5,1373.15,0.2
1310.5612,95.6,0.6,1.8,1.8,1373.15,0.2
1289.90717,95.3,0.6,1.8,2.1,1373.15,0.2
1271.09939,95,0.6,1.8,2.4,1373.15,0.2
1253.72853,94.7,0.6,1.8,2.7,1373.15,0.2
1237.52556,94.4,0.6,1.8,3,1373.15,0.2
,97.1,0.6,2.1,0,1373.15,0.2
,96.8,0.6,2.1,0.3,1373.15,0.2
,96.5,0.6,2.1,0.6,1373.15,0.2
,96.2,0.6,2.1,0.9,1373.15,0.2
,95.9,0.6,2.1,1.2,1373.15,0.2
,95.6,0.6,2.1,1.5,1373.15,0.2
,95.3,0.6,2.1,1.8,1373.15,0.2
1389.76191,95,0.6,2.1,2.1,1373.15,0.2
1347.93622,94.7,0.6,2.1,2.4,1373.15,0.2
1318.75788,94.4,0.6,2.1,2.7,1373.15,0.2
1294.63899,94.1,0.6,2.1,3,1373.15,0.2
,96.8,0.6,2.4,0,1373.15,0.2
,96.5,0.6,2.4,0.3,1373.15,0.2
,96.2,0.6,2.4,0.6,1373.15,0.2
,95.9,0.6,2.4,0.9,1373.15,0.2
,95.6,0.6,2.4,1.2,1373.15,0.2
,95.3,0.6,2.4,1.5,1373.15,0.2
,95,0.6,2.4,1.8,1373.15,0.2
,94.7,0.6,2.4,2.1,1373.15,0.2
,94.4,0.6,2.4,2.4,1373.15,0.2
,94.1,0.6,2.4,2.7,1373.15,0.2
,93.8,0.6,2.4,3,1373.15,0.2
,96.5,0.6,2.7,0,1373.15,0.2
,96.2,0.6,2.7,0.3,1373.15,0.2
,95.9,0.6,2.7,0.6,1373.15,0.2
,95.6,0.6,2.7,0.9,1373.15,0.2
,95.3,0.6,2.7,1.2,1373.15,0.2
,95,0.6,2.7,1.5,1373.15,0.2
,94.7,0.6,2.7,1.8,1373.15,0.2
,94.4,0.6,2.7,2.1,1373.15,0.2
,94.1,0.6,2.7,2.4,1373.15,0.2
,93.8,0.6,2.7,2.7,1373.15,0.2
,93.5,0.6,2.7,3,1373.15,0.2
,96.2,0.6,3,0,1373.15,0.2
,95.9,0.6,3,0.3,1373.15,0.2
,95.6,0.6,3,0.6,1373.15,0.2
,95.3,0.6,3,0.9,1373.15,0.2
,95,0.6,3,1.2,1373.15,0.2
,94.7,0.6,3,1.5,1373.15,0.2
,94.4,0.6,3,1.8,1373.15,0.2
,94.1,0.6,3,2.1,1373.15,0.2
,93.8,0.6,3,2.4,1373.15,0.2
,93.5,0.6,3,2.7,1373.15,0.2
,93.2,0.6,3,3,1373.15,0.2
1153.09209,98.9,0.9,0,0,1373.15,0.2
1141.25431,98.6,0.9,0,0.3,1373.15,0.2
1129.9146,98.3,0.9,0,0.6,1373.15,0.2
1119.03556,98,0.9,0,0.9,1373.15,0.2
1108.58418,97.7,0.9,0,1.2,1373.15,0.2
1098.53114,97.4,0.9,0,1.5,1373.15,0.2
1088.85029,97.1,0.9,0,1.8,1373.15,0.2
1777.34826,96.8,0.9,0,2.1,1373.15,0.2
1779.71949,96.5,0.9,0,2.4,1373.15,0.2
1781.93734,96.2,0.9,0,2.7,1373.15,0.2
1784.01247,95.9,0.9,0,3,1373.15,0.2
1191.73468,98.6,0.9,0.3,0,1373.15,0.2
1178.76629,98.3,0.9,0.3,0.3,1373.15,0.2
1166.38752,98,0.9,0.3,0.6,1373.15,0.2
1154.54868,97.7,0.9,0.3,0.9,1373.15,0.2
1143.20666,97.4,0.9,0.3,1.2,1373.15,0.2
1132.32368,97.1,0.9,0.3,1.5,1373.15,0.2
1121.86645,96.8,0.9,0.3,1.8,1373.15,0.2
1111.80538,96.5,0.9,0.3,2.1,1373.15,0.2
1102.11411,96.2,0.9,0.3,2.4,1373.15,0.2
1092.76907,95.9,0.9,0.3,2.7,1373.15,0.2
1767.48005,95.6,0.9,0.3,3,1373.15,0.2
1232.32002,98.3,0.9,0.6,0,1373.15,0.2
1217.74554,98,0.9,0.6,0.3,1373.15,0.2
1203.90807,97.7,0.9,0.6,0.6,1373.15,0.2
1190.73419,97.4,0.9,0.6,0.9,1373.15,0.2
1178.1622,97.1,0.9,0.6,1.2,1373.15,0.2
1166.13949,96.8,0.9,0.6,1.5,1373.15,0.2
1154.62068,96.5,0.9,0.6,1.8,1373.15,0.2
1143.56624,96.2,0.9,0.6,2.1,1373.15,0.2
1132.94145,95.9,0.9,0.6,2.4,1373.15,0.2
1122.71563,95.6,0.9,0.6,2.7,1373.15,0.2
1112.86159,95.3,0.9,0.6,3,1373.15,0.2
1278.03794,98,0.9,0.9,0,1373.15,0.2
1261.01624,97.7,0.9,0.9,0.3,1373.15,0.2
1245.02815,97.4,0.9,0.9,0.6,1373.15,0.2
1229.93866,97.1,0.9,0.9,0.9,1373.15,0.2
1215.64156,96.8,0.9,0.9,1.2,1373.15,0.2
1202.05106,96.5,0.9,0.9,1.5,1373.15,0.2
1189.0964,96.2,0.9,0.9,1.8,1373.15,0.2
1176.71818,95.9,0.9,0.9,2.1,1373.15,0.2
1164.86583,95.6,0.9,0.9,2.4,1373.15,0.2
1153.49581,95.3,0.9,0.9,2.7,1373.15,0.2
1142.57022,95,0.9,0.9,3,1373.15,0.2
1335.5542,97.7,0.9,1.2,0,1373.15,0.2
1313.80948,97.4,0.9,1.2,0.3,1373.15,0.2
1293.9994,97.1,0.9,1.2,0.6,1373.15,0.2
1275.71411,96.8,0.9,1.2,0.9,1373.15,0.2
1258.6797,96.5,0.9,1.2,1.2,1373.15,0.2
1242.70095,96.2,0.9,1.2,1.5,1373.15,0.2
1227.63198,95.9,0.9,1.2,1.8,1373.15,0.2
1213.35971,95.6,0.9,1.2,2.1,1373.15,0.2
1199.79397,95.3,0.9,1.2,2.4,1373.15,0.2
1186.86113,95,0.9,1.2,2.7,1373.15,0.2
1174.50001,94.7,0.9,1.2,3,1373.15,0.2
1445.93457,97.4,0.9,1.5,0,1373.15,0.2
1396.31535,97.1,0.9,1.5,0.3,1373.15,0.2
1363.77849,96.8,0.9,1.5,0.6,1373.15,0.2
1337.25056,96.5,0.9,1.5,0.9,1373.15,0.2
1314.19286,96.2,0.9,1.5,1.2,1373.15,0.2
1293.51102,95.9,0.9,1.5,1.5,1373.15,0.2
1274.60937,95.6,0.9,1.5,1.8,1373.15,0.2
1257.1183,95.3,0.9,1.5,2.1,1373.15,0.2
1240.78804,95,0.9,1.5,2.4,1373.15,0.2
1225.43931,94.7,0.9,1.5,2.7,1373.15,0.2
1210.93751,94.4,0.9,1.5,3,1373.15,0.2
,97.1,0.9,1.8,0,1373.15,0.2
,96.8,0.9,1.8,0.3,1373.15,0.2
,96.5,0.9,1.8,0.6,1373.15,0.2
,96.2,0.9,1.8,0.9,1373.15,0.2
1435.74555,95.9,0.9,1.8,1.2,1373.15,0.2
1377.67819,95.6,0.9,1.8,1.5,1373.15,0.2
1344.63302,95.3,0.9,1.8,1.8,1373.15,0.2
1318.22676,95,0.9,1.8,2.1,1373.15,0.2
1295.46431,94.7,0.9,1.8,2.4,1373.15,0.2
1275.13451,94.4,0.9,1.8,2.7,1373.15,0.2
1256.59886,94.1,0.9,1.8,3,1373.15,0.2
,96.8,0.9,2.1,0,1373.15,0.2
,96.5,0.9,2.1,0.3,1373.15,0.2
,96.2,0.9,2.1,0.6,1373.15,0.2
,95.9,0.9,2.1,0.9,1373.15,0.2
,95.6,0.9,2.1,1.2,1373.15,0.2
,95.3,0.9,2.1,1.5,1373.15,0.2
,95,0.9,2.1,1.8,1373.15,0.2
,94.7,0.9,2.1,2.1,1373.15,0.2
,94.4,0.9,2.1,2.4,1373.15,0.2
1366.63378,94.1,0.9,2.1,2.7,1373.15,0.2
1329.32941,93.8,0.9,2.1,3,1373.15,0.2
,96.5,0.9,2.4,0,1373.15,0.2
,96.2,0.9,2.4,0.3,1373.15,0.2
,95.9,0.9,2.4,0.6,1373.15,0.2
,95.6,0.9,2.4,0.9,1373.15,0.2
,95.3,0.9,2.4,1.2,1373.15,0.2
,95,0.9,2.4,1.5,1373.15,0.2
,94.7,0.9,2.4,1.8,1373.15,0.2
,94.4,0.9,2.4,2.1,1373.15,0.2
,94.1,0.9,2.4,2.4,1373.15,0.2
,93.8,0.9,2.4,2.7,1373.15,0.2
,93.5,0.9,2.4,3,1373.15,0.2
,96.2,0.9,2.7,0,1373.15,0.2
,95.9,0.9,2.7,0.3,1373.15,0.2
,95.6,0.9,2.7,0.6,1373.15,0.2
,95.3,0.9,2.7,0.9,1373.15,0.2
,95,0.9,2.7,1.2,1373.15,0.2
,94.7,0.9,2.7,1.5,1373.15,0.2
,94.4,0.9,2.7,1.8,1373.15,0.2
,94.1,0.9,2.7,2.1,1373.15,0.2
,93.8,0.9,2.7,2.4,1373.15,0.2
,93.5,0.9,2.7,2.7,1373.15,0.2
,93.2,0.9,2.7,3,1373.15,0.2
,95.9,0.9,3,0,1373.15,0.2
,95.6,0.9,3,0.3,1373.15,0.2
,95.3,0.9,3,0.6,1373.15,0.2
,95,0.9,3,0.9,1373.15,0.2
,94.7,0.9,3,1.2,1373.15,0.2
,94.4,0.9,3,1.5,1373.15,0.2
,94.1,0.9,3,1.8,1373.15,0.2
,93.8,0.9,3,2.1,1373.15,0.2
,93.5,0.9,3,2.4,1373.15,0.2
,93.2,0.9,3,2.7,1373.15,0.2
,92.9,0.9,3,3,1373.15,0.2
1169.07922,98.6,1.2,0,0,1373.15,0.2
1156.16958,98.3,1.2,0,0.3,1373.15,0.2
1143.84271,98,1.2,0,0.6,1373.15,0.2
1132.0501,97.7,1.2,0,0.9,1373.15,0.2
1120.74956,97.4,1.2,0,1.2,1373.15,0.2
1109.9041,97.1,1.2,0,1.5,1373.15,0.2
1099.48112,96.8,1.2,0,1.8,1373.15,0.2
1089.45168,96.5,1.2,0,2.1,1373.15,0.2
1774.12811,96.2,1.2,0,2.4,1373.15,0.2
1776.66113,95.9,1.2,0,2.7,1373.15,0.2
1779.02959,95.6,1.2,0,3,1373.15,0.2
1209.1896,98.3,1.2,0.3,0,1373.15,0.2
1194.93744,98,1.2,0.3,0.3,1373.15,0.2
1181.39426,97.7,1.2,0.3,0.6,1373.15,0.2
1168.4925,97.4,1.2,0.3,0.9,1373.15,0.2
1156.1748,97.1,1.2,0.3,1.2,1373.15,0.2
1144.39184,96.8,1.2,0.3,1.5,1373.15,0.2
1133.10081,96.5,1.2,0.3,1.8,1373.15,0.2
1122.26426,96.2,1.2,0.3,2.1,1373.15,0.2
1111.84917,95.9,1.2,0.3,2.4,1373.15,0.2
1101.82628,95.6,1.2,0.3,2.7,1373.15,0.2
1092.16965,95.3,1.2,0.3,3,1373.15,0.2
1252.53396,98,1.2,0.6,0,1373.15,0.2
1236.30118,97.7,1.2,0.6,0.3,1373.15,0.2
1220.99709,97.4,1.2,0.6,0.6,1373.15,0.2
1206.5129,97.1,1.2,0.6,0.9,1373.15,0.2
1192.7604,96.8,1.2,0.6,1.2,1373.15,0.2
1179.66658,96.5,1.2,0.6,1.5,1373.15,0.2
1167.17003,96.2,1.2,0.6,1.8,1373.15,0.2
1155.21835,95.9,1.2,0.6,2.1,1373.15,0.2
1143.76637,95.6,1.2,0.6,2.4,1373.15,0.2
1132.77474,95.3,1.2,0.6,2.7,1373.15,0.2
1122.20898,95,1.2,0.6,3,1373.15,0.2
1303.3636,97.7,1.2,0.9,0,1373.15,0.2
1283.82143,97.4,1.2,0.9,0.3,1373.15,0.2
1265.71856,97.1,1.2,0.9,0.6,1373.15,0.2
1248.81668,96.8,1.2,0.9,0.9,1373.15,0.2
1232.94095,96.5,1.2,0.9,1.2,1373.15,0.2
1217.95776,96.2,1.2,0.9,1.5,1373.15,0.2
1203.76167,95.9,1.2,0.9,1.8,1373.15,0.2
1190.26734,95.6,1.2,0.9,2.1,1373.15,0.2
1177.40427,95.3,1.2,0.9,2.4,1373.15,0.2
1165.11328,95,1.2,0.9,2.7,1373.15,0.2
1153.34395,94.7,1.2,0.9,3,1373.15,0.2
1373.89152,97.4,1.2,1.2,0,1373.15,0.2
1346.0839,97.1,1.2,1.2,0.3,1373.15,0.2
1322.00646,96.8,1.2,1.2,0.6,1373.15,0.2
1300.47131,96.5,1.2,1.2,0.9,1373.15,0.2
1280.83709,96.2,1.2,1.2,1.2,1373.15,0.2
1262.70751,95.9,1.2,1.2,1.5,1373.15,0.2
1245.81534,95.6,1.2,1.2,1.8,1373.15,0.2
1229.9689,95.3,1.2,1.2,2.1,1373.15,0.2
1215.02431,95,1.2,1.2,2.4,1373.15,0.2
1200.86964,94.7,1.2,1.2,2.7,1373.15,0.2
1187.41544,94.4,1.2,1.2,3,1373.15,0.2
,97.1,1.2,1.5,0,1373.15,0.2
,96.8,1.2,1.5,0.3,1373.15,0.2
1425.86745,96.5,1.2,1.5,0.6,1373.15,0.2
1380.33359,96.2,1.2,1.5,0.9,1373.15,0.2
1348.73325,95.9,1.2,1.5,1.2,1373.15,0.2
1322.69227,95.6,1.2,1.5,1.5,1373.15,0.2
1299.96398,95.3,1.2,1.5,1.8,1373.15,0.2
1279.53698,95,1.2,1.5,2.1,1373.15,0.2
1260.84824,94.7,1.2,1.5,2.4,1373.15,0.2
1243.54341,94.4,1.2,1.5,2.7,1373.15,0.2
1227.38076,94.1,1.2,1.5,3,1373.15,0.2
,96.8,1.2,1.8,0,1373.15,0.2
,96.5,1.2,1.8,0.3,1373.15,0.2
,96.2,1.2,1.8,0.6,1373.15,0.2
,95.9,1.2,1.8,0.9,1373.15,0.2
,95.6,1.2,1.8,1.2,1373.15,0.2
,95.3,1.2,1.8,1.5,1373.15,0.2
1408.55794,95,1.2,1.8,1.8,1373.15,0.2
1360.07061,94.7,1.2,1.8,2.1,1373.15,0.2
1328.45637,94.4,1.2,1.8,2.4,1373.15,0.2
1302.75041,94.1,1.2,1.8,2.7,1373.15,0.2
1280.44279,93.8,1.2,1.8,3,1373.15,0.2
,96.5,1.2,2.1,0,1373.15,0.2
,96.2,1.2,2.1,0.3,1373.15,0.2
,95.9,1.2,2.1,0.6,1373.15,0.2
,95.6,1.2,2.1,0.9,1373.15,0.2
,95.3,1.2,2.1,1.2,1373.15,0.2
,95,1.2,2.1,1.5,1373.15,0.2
,94.7,1.2,2.1,1.8,1373.15,0.2
,94.4,1.2,2.1,2.1,1373.15,0.2
,94.1,1.2,2.1,2.4,1373.15,0.2
,93.8,1.2,2.1,2.7,1373.15,0.2
,93.5,1.2,2.1,3,1373.15,0.2
,96.2,1.2,2.4,0,1373.15,0.2
,95.9,1.2,2.4,0.3,1373.15,0.2
,95.6,1.2,2.4,0.6,1373.15,0.2
,95.3,1.2,2.4,0.9,1373.15,0.2
,95,1.2,2.4,1.2,1373.15,0.2
,94.7,1.2,2.4,1.5,1373.15,0.2
,94.4,1.2,2.4,1.8,1373.15,0.2
,94.1,1.2,2.4,2.1,1373.15,0.2
,93.8,1.2,2.4,2.4,1373.15,0.2
,93.5,1.2,2.4,2.7,1373.15,0.2
,93.2,1.2,2.4,3,1373.15,0.2
,95.9,1.2,2.7,0,1373.15,0.2
,95.6,1.2,2.7,0.3,1373.15,0.2
,95.3,1.2,2.7,0.6,1373.15,0.2
,95,1.2,2.7,0.9,1373.15,0.2
,94.7,1.2,2.7,1.2,1373.15,0.2
,94.4,1.2,2.7,1.5,1373.15,0.2
,94.1,1.2,2.7,1.8,1373.15,0.2
,93.8,1.2,2.7,2.1,1373.15,0.2
,93.5,1.2,2.7,2.4,1373.15,0.2
,93.2,1.2,2.7,2.7,1373.15,0.2
,92.9,1.2,2.7,3,1373.15,0.2
,95.6,1.2,3,0,1373.15,0.2
,95.3,1.2,3,0.3,1373.15,0.2
,95,1.2,3,0.6,1373.15,0.2
,94.7,1.2,3,0.9,1373.15,0.2
,94.4,1.2,3,1.2,1373.15,0.2
,94.1,1.2,3,1.5,1373.15,0.2
,93.8,1.2,3,1.8,1373.15,0.2
,93.5,1.2,3,2.1,1373.15,0.2
,93.2,1.2,3,2.4,1373.15,0.2
,92.9,1.2,3,2.7,1373.15,0.2
,92.6,1.2,3,3,1373.15,0.2
1186.49768,98.3,1.5,0,0,1373.15,0.2
1172.41217,98,1.5,0,0.3,1373.15,0.2
1159.01,97.7,1.5,0,0.6,1373.15,0.2
1146.22784,97.4,1.5,0,0.9,1373.15,0.2
1134.01159,97.1,1.5,0,1.2,1373.15,0.2
1122.31462,96.8,1.5,0,1.5,1373.15,0.2
1111.09633,96.5,1.5,0,1.8,1373.15,0.2
1100.32116,96.2,1.5,0,2.1,1373.15,0.2
1089.95773,95.9,1.5,0,2.4,1373.15,0.2
1770.60869,95.6,1.5,0,2.7,1373.15,0.2
1773.28416,95.3,1.5,0,3,1373.15,0.2
1228.75213,98,1.5,0.3,0,1373.15,0.2
1213.01962,97.7,1.5,0.3,0.3,1373.15,0.2
1198.14901,97.4,1.5,0.3,0.6,1373.15,0.2
1184.04616,97.1,1.5,0.3,0.9,1373.15,0.2
1170.63334,96.8,1.5,0.3,1.2,1373.15,0.2
1157.84537,96.5,1.5,0.3,1.5,1373.15,0.2
1145.62679,96.2,1.5,0.3,1.8,1373.15,0.2
1133.92989,95.9,1.5,0.3,2.1,1373.15,0.2
1122.71326,95.6,1.5,0.3,2.4,1373.15,0.2
1111.94066,95.3,1.5,0.3,2.7,1373.15,0.2
1101.58022,95,1.5,0.3,3,1373.15,0.2
1275.95657,97.7,1.5,0.6,0,1373.15,0.2
1257.65688,97.4,1.5,0.6,0.3,1373.15,0.2
1240.56667,97.1,1.5,0.6,0.6,1373.15,0.2
1224.51436,96.8,1.5,0.6,0.9,1373.15,0.2
1209.36768,96.5,1.5,0.6,1.2,1373.15,0.2
1195.02158,96.2,1.5,0.6,1.5,1373.15,0.2
1181.39058,95.9,1.5,0.6,1.8,1373.15,0.2
1168.40378,95.6,1.5,0.6,2.1,1373.15,0.2
1156.00147,95.3,1.5,0.6,2.4,1373.15,0.2
1144.13265,95,1.5,0.6,2.7,1373.15,0.2
1132.75337,94.7,1.5,0.6,3,1373.15,0.2
1334.67232,97.4,1.5,0.9,0,1373.15,0.2
1311.42053,97.1,1.5,0.9,0.3,1373.15,0.2
1290.3925,96.8,1.5,0.9,0.6,1373.15,0.2
1271.09063,96.5,1.5,0.9,0.9,1373.15,0.2
1253.18961,96.2,1.5,0.9,1.2,1373.15,0.2
1236.46119,95.9,1.5,0.9,1.5,1373.15,0.2
1220.73671,95.6,1.5,0.9,1.8,1373.15,0.2
1205.88662,95.3,1.5,0.9,2.1,1373.15,0.2
1191.80832,95,1.5,0.9,2.4,1373.15,0.2
1178.41855,94.7,1.5,0.9,2.7,1373.15,0.2
1165.64847,94.4,1.5,0.9,3,1373.15,0.2
1441.35521,97.1,1.5,1.2,0,1373.15,0.2
1392.53537,96.8,1.5,1.2,0.3,1373.15,0.2
1359.30461,96.5,1.5,1.2,0.6,1373.15,0.2
1332.06159,96.2,1.5,1.2,0.9,1373.15,0.2
1308.35443,95.9,1.5,1.2,1.2,1373.15,0.2
1287.09475,95.6,1.5,1.2,1.5,1373.15,0.2
1267.68067,95.3,1.5,1.2,1.8,1373.15,0.2
1249.73482,95,1.5,1.2,2.1,1373.15,0.2
1233.00019,94.7,1.5,1.2,2.4,1373.15,0.2
1217.29119,94.4,1.5,1.2,2.7,1373.15,0.2
1202.46782,94.1,1.5,1.2,3,1373.15,0.2
,96.8,1.5,1.5,0,1373.15,0.2
,96.5,1.5,1.5,0.3,1373.15,0.2
,96.2,1.5,1.5,0.6,1373.15,0.2
,95.9,1.5,1.5,0.9,1373.15,0.2
1407.16919,95.6,1.5,1.5,1.2,1373.15,0.2
1364.67621,95.3,1.5,1.5,1.5,1373.15,0.2
1333.95822,95,1.5,1.5,1.8,1373.15,0.2
1308.39542,94.7,1.5,1.5,2.1,1373.15,0.2
1285.98944,94.4,1.5,1.5,2.4,1373.15,0.2
1265.80538,94.1,1.5,1.5,2.7,1373.15,0.2
1247.31199,93.8,1.5,1.5,3,1373.15,0.2
,96.5,1.5,1.8,0,1373.15,0.2
,96.2,1.5,1.8,0.3,1373.15,0.2
,95.9,1.5,1.8,0.6,1373.15,0.2
,95.6,1.5,1.8,0.9,1373.15,0.2
,95.3,1.5,1.8,1.2,1373.15,0.2
,95,1.5,1.8,1.5,1373.15,0.2
,94.7,1.5,1.8,1.8,1373.15,0.2
,94.4,1.5,1.8,2.1,1373.15,0.2
1387.5443,94.1,1.5,1.8,2.4,1373.15,0.2
1343.56505,93.8,1.5,1.8,2.7,1373.15,0.2
1313.01351,93.5,1.5,1.8,3,1373.15,0.2
,96.2,1.5,2.1,0,1373.15,0.2
,95.9,1.5,2.1,0.3,1373.15,0.2
,95.6,1.5,2.1,0.6,1373.15,0.2
,95.3,1.5,2.1,0.9,1373.15,0.2
,95,1.5,2.1,1.2,1373.15,0.2
,94.7,1.5,2.1,1.5,1373.15,0.2
,94.4,1.5,2.1,1.8,1373.15,0.2
,94.1,1.5,2.1,2.1,1373.15,0.2
,93.8,1.5,2.1,2.4,1373.15,0.2
,93.5,1.5,2.1,2.7,1373.15,0.2
,93.2,1.5,2.1,3,1373.15,0.2
,95.9,1.5,2.4,0,1373.15,0.2
,95.6,1.5,2.4,0.3,1373.15,0.2
,95.3,1.5,2.4,0.6,1373.15,0.2
,95,1.5,2.4,0.9,1373.15,0.2
,94.7,1.5,2.4,1.2,1373.15,0.2
,94.4,1.5,2.4,1.5,1373.15,0.2
,94.1,1.5,2.4,1.8,1373.15,0.2
,93.8,1.5,2.4,2.1,1373.15,0.2
,93.5,1.5,2.4,2.4,1373.15,0.2
,93.2,1.5,2.4,2.7,1373.15,0.2
,92.9,1.5,2.4,3,1373.15,0.2
,95.6,1.5,2.7,0,1373.15,0.2
,95.3,1.5,2.7,0.3,1373.15,0.2
,95,1.5,2.7,0.6,1373.15,0.2
,94.7,1.5,2.7,0.9,1373.15,0.2
,94.4,1.5,2.7,1.2,1373.15,0.2
,94.1,1.5,2.7,1.5,1373.15,0.2
,93.8,1.5,2.7,1.8,1373.15,0.2
,93.5,1.5,2.7,2.1,1373.15,0.2
,93.2,1.5,2.7,2.4,1373.15,0.2
,92.9,1.5,2.7,2.7,1373.15,0.2
,92.6,1.5,2.7,3,1373.15,0.2
,95.3,1.5,3,0,1373.15,0.2
,95,1.5,3,0.3,1373.15,0.2
,94.7,1.5,3,0.6,1373.15,0.2
,94.4,1.5,3,0.9,1373.15,0.2
,94.1,1.5,3,1.2,1373.15,0.2
,93.8,1.5,3,1.5,1373.15,0.2
,93.5,1.5,3,1.8,1373.15,0.2
,93.2,1.5,3,2.1,1373.15,0.2
,92.9,1.5,3,2.4,1373.15,0.2
,92.6,1.5,3,2.7,1373.15,0.2
,92.3,1.5,3,3,1373.15,0.2
1205.9007,98,1.8,0,0,1373.15,0.2
1190.46925,97.7,1.8,0,0.3,1373.15,0.2
1175.84967,97.4,1.8,0,0.6,1373.15,0.2
1161.95714,97.1,1.8,0,0.9,1373.15,0.2
1148.72098,96.8,1.8,0,1.2,1373.15,0.2
1136.08142,96.5,1.8,0,1.5,1373.15,0.2
1123.98735,96.2,1.8,0,1.8,1373.15,0.2
1112.39461,95.9,1.8,0,2.1,1373.15,0.2
1101.26474,95.6,1.8,0,2.4,1373.15,0.2
1090.56403,95.3,1.8,0,2.7,1373.15,0.2
1766.51562,95,1.8,0,3,1373.15,0.2
1251.22136,97.7,1.8,0.3,0,1373.15,0.2
1233.69045,97.4,1.8,0.3,0.3,1373.15,0.2
1217.23716,97.1,1.8,0.3,0.6,1373.15,0.2
1201.72315,96.8,1.8,0.3,0.9,1373.15,0.2
1187.03867,96.5,1.8,0.3,1.2,1373.15,0.2
1173.09457,96.2,1.8,0.3,1.5,1373.15,0.2
1159.81703,95.9,1.8,0.3,1.8,1373.15,0.2
1147.14397,95.6,1.8,0.3,2.1,1373.15,0.2
1135.02248,95.3,1.8,0.3,2.4,1373.15,0.2
1123.40703,95,1.8,0.3,2.7,1373.15,0.2
1112.25802,94.7,1.8,0.3,3,1373.15,0.2
1304.11365,97.4,1.8,0.6,0,1373.15,0.2
1283.00651,97.1,1.8,0.6,0.3,1373.15,0.2
1263.58643,96.8,1.8,0.6,0.6,1373.15,0.2
1245.54907,96.5,1.8,0.6,0.9,1373.15,0.2
1228.67736,96.2,1.8,0.6,1.2,1373.15,0.2
1212.80892,95.9,1.8,0.6,1.5,1373.15,0.2
1197.81783,95.6,1.8,0.6,1.8,1373.15,0.2
1183.60361,95.3,1.8,0.6,2.1,1373.15,0.2
1170.08425,95,1.8,0.6,2.4,1373.15,0.2
1157.1916,94.7,1.8,0.6,2.7,1373.15,0.2
1144.8682,94.4,1.8,0.6,3,1373.15,0.2
1377.24146,97.1,1.8,0.9,0,1373.15,0.2
1347.06894,96.8,1.8,0.9,0.3,1373.15,0.2
1321.29642,96.5,1.8,0.9,0.6,1373.15,0.2
1298.42771,96.2,1.8,0.9,0.9,1373.15,0.2
1277.69021,95.9,1.8,0.9,1.2,1373.15,0.2
1258.61913,95.6,1.8,0.9,1.5,1373.15,0.2
1240.90661,95.3,1.8,0.9,1.8,1373.15,0.2
1224.33466,95,1.8,0.9,2.1,1373.15,0.2
1208.74124,94.7,1.8,0.9,2.4,1373.15,0.2
1194.00134,94.4,1.8,0.9,2.7,1373.15,0.2
1180.01565,94.1,1.8,0.9,3,1373.15,0.2
,96.8,1.8,1.2,0,1373.15,0.2
,96.5,1.8,1.2,0.3,1373.15,0.2
1423.41215,96.2,1.8,1.2,0.6,1373.15,0.2
1377.78325,95.9,1.8,1.2,0.9,1373.15,0.2
1345.41766,95.6,1.8,1.2,1.2,1373.15,0.2
1318.63401,95.3,1.8,1.2,1.5,1373.15,0.2
1295.22997,95,1.8,1.2,1.8,1373.15,0.2
1274.19268,94.7,1.8,1.2,2.1,1373.15,0.2
1254.95157,94.4,1.8,1.2,2.4,1373.15,0.2
1237.14484,94.1,1.8,1.2,2.7,1373.15,0.2
1220.52426,93.8,1.8,1.2,3,1373.15,0.2
,96.5,1.8,1.5,0,1373.15,0.2
,96.2,1.8,1.5,0.3,1373.15,0.2
,95.9,1.8,1.5,0.6,1373.15,0.2
,95.6,1.8,1.5,0.9,1373.15,0.2
,95.3,1.8,1.5,1.2,1373.15,0.2
,95,1.8,1.5,1.5,1373.15,0.2
1391.12674,94.7,1.8,1.5,1.8,1373.15,0.2
1350.32361,94.4,1.8,1.5,2.1,1373.15,0.2
1320.15706,94.1,1.8,1.5,2.4,1373.15,0.2
1294.89696,93.8,1.8,1.5,2.7,1373.15,0.2
1272.69229,93.5,1.8,1.5,3,1373.15,0.2
,96.2,1.8,1.8,0,1373.15,0.2
,95.9,1.8,1.8,0.3,1373.15,0.2
,95.6,1.8,1.8,0.6,1373.15,0.2
,95.3,1.8,1.8,0.9,1373.15,0.2
,95,1.8,1.8,1.2,1373.15,0.2
,94.7,1.8,1.8,1.5,1373.15,0.2
,94.4,1.8,1.8,1.8,1373.15,0.2
,94.1,1.8,1.8,2.1,1373.15,0.2
,93.8,1.8,1.8,2.4,1373.15,0.2
,93.5,1.8,1.8,2.7,1373.15,0.2
1370.74419,93.2,1.8,1.8,3,1373.15,0.2
,95.9,1.8,2.1,0,1373.15,0.2
,95.6,1.8,2.1,0.3,1373.15,0.2
,95.3,1.8,2.1,0.6,1373.15,0.2
,95,1.8,2.1,0.9,1373.15,0.2
,94.7,1.8,2.1,1.2,1373.15,0.2
,94.4,1.8,2.1,1.5,1373.15,0.2
,94.1,1.8,2.1,1.8,1373.15,0.2
,93.8,1.8,2.1,2.1,1373.15,0.2
,93.5,1.8,2.1,2.4,1373.15,0.2
,93.2,1.8,2.1,2.7,1373.15,0.2
,92.9,1.8,2.1,3,1373.15,0.2
,95.6,1.8,2.4,0,1373.15,0.2
,95.3,1.8,2.4,0.3,1373.15,0.2
,95,1.8,2.4,0.6,1373.15,0.2
,94.7,1.8,2.4,0.9,1373.15,0.2
,94.4,1.8,2.4,1.2,1373.15,0.2
,94.1,1.8,2.4,1.5,1373.15,0.2
,93.8,1.8,2.4,1.8,1373.15,0.2
,93.5,1.8,2.4,2.1,1373.15,0.2
,93.2,1.8,2.4,2.4,1373.15,0.2
,92.9,1.8,2.4,2.7,1373.15,0.2
,92.6,1.8,2.4,3,1373.15,0.2
,95.3,1.8,2.7,0,1373.15,0.2
,95,1.8,2.7,0.3,1373.15,0.2
,94.7,1.8,2.7,0.6,1373.15,0.2
,94.4,1.8,2.7,0.9,1373.15,0.2
,94.1,1.8,2.7,1.2,1373.15,0.2
,93.8,1.8,2.7,1.5,1373.15,0.2
,93.5,1.8,2.7,1.8,1373.15,0.2
,93.2,1.8,2.7,2.1,1373.15,0.2
,92.9,1.8,2.7,2.4,1373.15,0.2
,92.6,1.8,2.7,2.7,1373.15,0.2
,92.3,1.8,2.7,3,1373.15,0.2
,95,1.8,3,0,1373.15,0.2
,94.7,1.8,3,0.3,1373.15,0.2
,94.4,1.8,3,0.6,1373.15,0.2
,94.1,1.8,3,0.9,1373.15,0.2
,93.8,1.8,3,1.2,1373.15,0.2
,93.5,1.8,3,1.5,1373.15,0.2
,93.2,1.8,3,1.8,1373.15,0.2
,92.9,1.8,3,2.1,1373.15,0.2
,92.6,1.8,3,2.4,1373.15,0.2
,92.3,1.8,3,2.7,1373.15,0.2
,92,1.8,3,3,1373.15,0.2
1228.03335,97.7,2.1,0,0,1373.15,0.2
1210.98528,97.4,2.1,0,0.3,1373.15,0.2
1194.92708,97.1,2.1,0,0.6,1373.15,0.2
1179.73978,96.8,2.1,0,0.9,1373.15,0.2
1165.32734,96.5,2.1,0,1.2,1373.15,0.2
1151.61072,96.2,2.1,0,1.5,1373.15,0.2
1138.52379,95.9,2.1,0,1.8,1373.15,0.2
1126.01047,95.6,2.1,0,2.1,1373.15,0.2
1114.0227,95.3,2.1,0,2.4,1373.15,0.2
1102.5189,95,2.1,0,2.7,1373.15,0.2
1091.46282,94.7,2.1,0,3,1373.15,0.2
1277.8311,97.4,2.1,0.3,0,1373.15,0.2
1257.95657,97.1,2.1,0.3,0.3,1373.15,0.2
1239.50259,96.8,2.1,0.3,0.6,1373.15,0.2
1222.24618,96.5,2.1,0.3,0.9,1373.15,0.2
1206.02045,96.2,2.1,0.3,1.2,1373.15,0.2
1190.69597,95.9,2.1,0.3,1.5,1373.15,0.2
1176.16946,95.6,2.1,0.3,1.8,1373.15,0.2
1162.3567,95.3,2.1,0.3,2.1,1373.15,0.2
1149.18773,95,2.1,0.3,2.4,1373.15,0.2
1136.6036,94.7,2.1,0.3,2.7,1373.15,0.2
1124.55401,94.4,2.1,0.3,3,1373.15,0.2
1339.98821,97.1,2.1,0.6,0,1373.15,0.2
1314.47183,96.8,2.1,0.6,0.3,1373.15,0.2
1291.665,96.5,2.1,0.6,0.6,1373.15,0.2
1270.89354,96.2,2.1,0.6,0.9,1373.15,0.2
1251.73762,95.9,2.1,0.6,1.2,1373.15,0.2
1233.91254,95.6,2.1,0.6,1.5,1373.15,0.2
1217.21327,95.3,2.1,0.6,1.8,1373.15,0.2
1201.48547,95,2.1,0.6,2.1,1373.15,0.2
1186.60883,94.7,2.1,0.6,2.4,1373.15,0.2
1172.48709,94.4,2.1,0.6,2.7,1373.15,0.2
1159.04153,94.1,2.1,0.6,3,1373.15,0.2
1466.32381,96.8,2.1,0.9,0,1373.15,0.2
1400.9035,96.5,2.1,0.9,0.3,1373.15,0.2
1363.79058,96.2,2.1,0.9,0.6,1373.15,0.2
1334.23306,95.9,2.1,0.9,0.9,1373.15,0.2
1308.83946,95.6,2.1,0.9,1.2,1373.15,0.2
1286.23582,95.3,2.1,0.9,1.5,1373.15,0.2
1265.69613,95,2.1,0.9,1.8,1373.15,0.2
1246.77771,94.7,2.1,0.9,2.1,1373.15,0.2
1229.18483,94.4,2.1,0.9,2.4,1373.15,0.2
1212.70695,94.1,2.1,0.9,2.7,1373.15,0.2
1197.18696,93.8,2.1,0.9,3,1373.15,0.2
,96.5,2.1,1.2,0,1373.15,0.2
,96.2,2.1,1.2,0.3,1373.15,0.2
,95.9,2.1,1.2,0.6,1373.15,0.2
,95.6,2.1,1.2,0.9,1373.15,0.2
1409.28594,95.3,2.1,1.2,1.2,1373.15,0.2
1364.92382,95,2.1,1.2,1.5,1373.15,0.2
1332.93595,94.7,2.1,1.2,1.8,1373.15,0.2
1306.35346,94.4,2.1,1.2,2.1,1373.15,0.2
1283.079,94.1,2.1,1.2,2.4,1373.15,0.2
1262.13224,93.8,2.1,1.2,2.7,1373.15,0.2
1242.95631,93.5,2.1,1.2,3,1373.15,0.2
,96.2,2.1,1.5,0,1373.15,0.2
,95.9,2.1,1.5,0.3,1373.15,0.2
,95.6,2.1,1.5,0.6,1373.15,0.2
,95.3,2.1,1.5,0.9,1373.15,0.2
,95,2.1,1.5,1.2,1373.15,0.2
,94.7,2.1,1.5,1.5,1373.15,0.2
,94.4,2.1,1.5,1.8,1373.15,0.2
,94.1,2.1,1.5,2.1,1373.15,0.2
1378.52824,93.8,2.1,1.5,2.4,1373.15,0.2
1337.95656,93.5,2.1,1.5,2.7,1373.15,0.2
1307.84216,93.2,2.1,1.5,3,1373.15,0.2
,95.9,2.1,1.8,0,1373.15,0.2
,95.6,2.1,1.8,0.3,1373.15,0.2
,95.3,2.1,1.8,0.6,1373.15,0.2
,95,2.1,1.8,0.9,1373.15,0.2
,94.7,2.1,1.8,1.2,1373.15,0.2
,94.4,2.1,1.8,1.5,1373.15,0.2
,94.1,2.1,1.8,1.8,1373.15,0.2
,93.8,2.1,1.8,2.1,1373.15,0.2
,93.5,2.1,1.8,2.4,1373.15,0.2
,93.2,2.1,1.8,2.7,1373.15,0.2
,92.9,2.1,1.8,3,1373.15,0.2
,95.6,2.1,2.1,0,1373.15,0.2
,95.3,2.1,2.1,0.3,1373.15,0.2
,95,2.1,2.1,0.6,1373.15,0.2
,94.7,2.1,2.1,0.9,1373.15,0.2
,94.4,2.1,2.1,1.2,1373.15,0.2
,94.1,2.1,2.1,1.5,1373.15,0.2
,93.8,2.1,2.1,1.8,1373.15,0.2
,93.5,2.1,2.1,2.1,1373.15,0.2
,93.2,2.1,2.1,2.4,1373.15,0.2
,92.9,2.1,2.1,2.7,1373.15,0.2
,92.6,2.1,2.1,3,1373.15,0.2
,95.3,2.1,2.4,0,1373.15,0.2
,95,2.1,2.4,0.3,1373.15,0.2
,94.7,2.1,2.4,0.6,1373.15,0.2
,94.4,2.1,2.4,0.9,1373.15,0.2
,94.1,2.1,2.4,1.2,1373.15,0.2
,93.8,2.1,2.4,1.5,1373.15,0.2
,93.5,2.1,2.4,1.8,1373.15,0.2
,93.2,2.1,2.4,2.1,1373.15,0.2
,92.9,2.1,2.4,2.4,1373.15,0.2
,92.6,2.1,2.4,2.7,1373.15,0.2
,92.3,2.1,2.4,3,1373.15,0.2
,95,2.1,2.7,0,1373.15,0.2
,94.7,2.1,2.7,0.3,1373.15,0.2
,94.4,2.1,2.7,0.6,1373.15,0.2
,94.1,2.1,2.7,0.9,1373.15,0.2
,93.8,2.1,2.7,1.2,1373.15,0.2
,93.5,2.1,2.7,1.5,1373.15,0.2
,93.2,2.1,2.7,1.8,1373.15,0.2
,92.9,2.1,2.7,2.1,1373.15,0.2
,92.6,2.1,2.7,2.4,1373.15,0.2
,92.3,2.1,2.7,2.7,1373.15,0.2
,92,2.1,2.7,3,1373.15,0.2
,94.7,2.1,3,0,1373.15,0.2
,94.4,2.1,3,0.3,1373.15,0.2
,94.1,2.1,3,0.6,1373.15,0.2
,93.8,2.1,3,0.9,1373.15,0.2
,93.5,2.1,3,1.2,1373.15,0.2
,93.2,2.1,3,1.5,1373.15,0.2
,92.9,2.1,3,1.8,1373.15,0.2
,92.6,2.1,3,2.1,1373.15,0.2
,92.3,2.1,3,2.4,1373.15,0.2
,92,2.1,3,2.7,1373.15,0.2
,91.7,2.1,3,3,1373.15,0.2
1253.99016,97.4,2.4,0,0,1373.15,0.2
1234.87809,97.1,2.4,0,0.3,1373.15,0.2
1217.02839,96.8,2.4,0,0.6,1373.15,0.2
1200.2604,96.5,2.4,0,0.9,1373.15,0.2
1184.43496,96.2,2.4,0,1.2,1373.15,0.2
1169.44175,95.9,2.4,0,1.5,1373.15,0.2
1155.19127,95.6,2.4,0,1.8,1373.15,0.2
1141.60951,95.3,2.4,0,2.1,1373.15,0.2
1128.63439,95,2.4,0,2.4,1373.15,0.2
1116.21313,94.7,2.4,0,2.7,1373.15,0.2
1104.30043,94.4,2.4,0,3,1373.15,0.2
1310.75294,97.1,2.4,0.3,0,1373.15,0.2
1287.47616,96.8,2.4,0.3,0.3,1373.15,0.2
1266.26816,96.5,2.4,0.3,0.6,1373.15,0.2
1246.7055,96.2,2.4,0.3,0.9,1373.15,0.2
1228.50001,95.9,2.4,0.3,1.2,1373.15,0.2
1211.44367,95.6,2.4,0.3,1.5,1373.15,0.2
1195.37959,95.3,2.4,0.3,1.8,1373.15,0.2
1180.18541,95,2.4,0.3,2.1,1373.15,0.2
1165.76314,94.7,2.4,0.3,2.4,1373.15,0.2
1152.03263,94.4,2.4,0.3,2.7,1373.15,0.2
1138.92718,94.1,2.4,0.3,3,1373.15,0.2
1391.93962,96.8,2.4,0.6,0,1373.15,0.2
1356.83604,96.5,2.4,0.6,0.3,1373.15,0.2
1327.97409,96.2,2.4,0.6,0.6,1373.15,0.2
1302.84324,95.9,2.4,0.6,0.9,1373.15,0.2
1280.31028,95.6,2.4,0.6,1.2,1373.15,0.2
1259.74302,95.3,2.4,0.6,1.5,1373.15,0.2
1240.74286,95,2.4,0.6,1.8,1373.15,0.2
1223.03737,94.7,2.4,0.6,2.1,1373.15,0.2
1206.42932,94.4,2.4,0.6,2.4,1373.15,0.2
1190.7697,94.1,2.4,0.6,2.7,1373.15,0.2
1175.94213,93.8,2.4,0.6,3,1373.15,0.2
,96.5,2.4,0.9,0,1373.15,0.2
,96.2,2.4,0.9,0.3,1373.15,0.2
1451.26566,95.9,2.4,0.9,0.6,1373.15,0.2
1389.16832,95.6,2.4,0.9,0.9,1373.15,0.2
1352.43663,95.3,2.4,0.9,1.2,1373.15,0.2
1323.05765,95,2.4,0.9,1.5,1373.15,0.2
1297.7717,94.7,2.4,0.9,1.8,1373.15,0.2
1275.23841,94.4,2.4,0.9,2.1,1373.15,0.2
1254.74471,94.1,2.4,0.9,2.4,1373.15,0.2
1235.85422,93.8,2.4,0.9,2.7,1373.15,0.2
1218.27487,93.5,2.4,0.9,3,1373.15,0.2
,96.2,2.4,1.2,0,1373.15,0.2
,95.9,2.4,1.2,0.3,1373.15,0.2
,95.6,2.4,1.2,0.6,1373.15,0.2
,95.3,2.4,1.2,0.9,1373.15,0.2
,95,2.4,1.2,1.2,1373.15,0.2
,94.7,2.4,1.2,1.5,1373.15,0.2
1399.95464,94.4,2.4,1.2,1.8,1373.15,0.2
1354.72223,94.1,2.4,1.2,2.1,1373.15,0.2
1322.43153,93.8,2.4,1.2,2.4,1373.15,0.2
1295.6726,93.5,2.4,1.2,2.7,1373.15,0.2
1272.27254,93.2,2.4,1.2,3,1373.15,0.2
,95.9,2.4,1.5,0,1373.15,0.2
,95.6,2.4,1.5,0.3,1373.15,0.2
,95.3,2.4,1.5,0.6,1373.15,0.2
,95,2.4,1.5,0.9,1373.15,0.2
,94.7,2.4,1.5,1.2,1373.15,0.2
,94.4,2.4,1.5,1.5,1373.15,0.2
,94.1,2.4,1.5,1.8,1373.15,0.2
,93.8,2.4,1.5,2.1,1373.15,0.2
,93.5,2.4,1.5,2.4,1373.15,0.2
,93.2,2.4,1.5,2.7,1373.15,0.2
1370.48597,92.9,2.4,1.5,3,1373.15,0.2
,95.6,2.4,1.8,0,1373.15,0.2
,95.3,2.4,1.8,0.3,1373.15,0.2
,95,2.4,1.8,0.6,1373.15,0.2
,94.7,2.4,1.8,0.9,1373.15,0.2
,94.4,2.4,1.8,1.2,1373.15,0.2
,94.1,2.4,1.8,1.5,1373.15,0.2
,93.8,2.4,1.8,1.8,1373.15,0.2
,93.5,2.4,1.8,2.1,1373.15,0.2
,93.2,2.4,1.8,2.4,1373.15,0.2
,92.9,2.4,1.8,2.7,1373.15,0.2
,92.6,2.4,1.8,3,1373.15,0.2
,95.3,2.4,2.1,0,1373.15,0.2
,95,2.4,2.1,0.3,1373.15,0.2
,94.7,2.4,2.1,0.6,1373.15,0.2
,94.4,2.4,2.1,0.9,1373.15,0.2
,94.1,2.4,2.1,1.2,1373.15,0.2
,93.8,2.4,2.1,1.5,1373.15,0.2
,93.5,2.4,2.1,1.8,1373.15,0.2
,93.2,2.4,2.1,2.1,1373.15,0.2
,92.9,2.4,2.1,2.4,1373.15,0.2
,92.6,2.4,2.1,2.7,1373.15,0.2
,92.3,2.4,2.1,3,1373.15,0.2
,95,2.4,2.4,0,1373.15,0.2
,94.7,2.4,2.4,0.3,1373.15,0.2
,94.4,2.4,2.4,0.6,1373.15,0.2
,94.1,2.4,2.4,0.9,1373.15,0.2
,93.8,2.4,2.4,1.2,1373.15,0.2
,93.5,2.4,2.4,1.5,1373.15,0.2
,93.2,2.4,2.4,1.8,1373.15,0.2
,92.9,2.4,2.4,2.1,1373.15,0.2
,92.6,2.4,2.4,2.4,1373.15,0.2
,92.3,2.4,2.4,2.7,1373.15,0.2
,92,2.4,2.4,3,1373.15,0.2
,94.7,2.4,2.7,0,1373.15,0.2
,94.4,2.4,2.7,0.3,1373.15,0.2
,94.1,2.4,2.7,0.6,1373.15,0.2
,93.8,2.4,2.7,0.9,1373.15,0.2
,93.5,2.4,2.7,1.2,1373.15,0.2
,93.2,2.4,2.7,1.5,1373.15,0.2
,92.9,2.4,2.7,1.8,1373.15,0.2
,92.6,2.4,2.7,2.1,1373.15,0.2
,92.3,2.4,2.7,2.4,1373.15,0.2
,92,2.4,2.7,2.7,1373.15,0.2
,91.7,2.4,2.7,3,1373.15,0.2
,94.4,2.4,3,0,1373.15,0.2
,94.1,2.4,3,0.3,1373.15,0.2
,93.8,2.4,3,0.6,1373.15,0.2
,93.5,2.4,3,0.9,1373.15,0.2
,93.2,2.4,3,1.2,1373.15,0.2
,92.9,2.4,3,1.5,1373.15,0.2
,92.6,2.4,3,1.8,1373.15,0.2
,92.3,2.4,3,2.1,1373.15,0.2
,92,2.4,3,2.4,1373.15,0.2
,91.7,2.4,3,2.7,1373.15,0.2
,91.4,2.4,3,3,1373.15,0.2
1285.57672,97.1,2.7,0,0,1373.15,0.2
1263.58573,96.8,2.7,0,0.3,1373.15,0.2
1243.33771,96.5,2.7,0,0.6,1373.15,0.2
1224.51892,96.2,2.7,0,0.9,1373.15,0.2
1206.90494,95.9,2.7,0,1.2,1373.15,0.2
1190.32772,95.6,2.7,0,1.5,1373.15,0.2
1174.65697,95.3,2.7,0,1.8,1373.15,0.2
1159.7889,95,2.7,0,2.1,1373.15,0.2
1145.63897,94.7,2.7,0,2.4,1373.15,0.2
1132.13713,94.4,2.7,0,2.7,1373.15,0.2
1119.22444,94.1,2.7,0,3,1373.15,0.2
1354.82501,96.8,2.7,0.3,0,1373.15,0.2
1325.49487,96.5,2.7,0.3,0.3,1373.15,0.2
1299.90275,96.2,2.7,0.3,0.6,1373.15,0.2
1276.93067,95.9,2.7,0.3,0.9,1373.15,0.2
1255.94876,95.6,2.7,0.3,1.2,1373.15,0.2
1236.55746,95.3,2.7,0.3,1.5,1373.15,0.2
1218.4826,95,2.7,0.3,1.8,1373.15,0.2
1201.5251,94.7,2.7,0.3,2.1,1373.15,0.2
1185.5343,94.4,2.7,0.3,2.4,1373.15,0.2
1170.39235,94.1,2.7,0.3,2.7,1373.15,0.2
1156.00473,93.8,2.7,0.3,3,1373.15,0.2
,96.5,2.7,0.6,0,1373.15,0.2
1431.40642,96.2,2.7,0.6,0.3,1373.15,0.2
1381.56093,95.9,2.7,0.6,0.6,1373.15,0.2
1346.68815,95.6,2.7,0.6,0.9,1373.15,0.2
1317.94952,95.3,2.7,0.6,1.2,1373.15,0.2
1292.89474,95,2.7,0.6,1.5,1373.15,0.2
1270.40914,94.7,2.7,0.6,1.8,1373.15,0.2
1249.86859,94.4,2.7,0.6,2.1,1373.15,0.2
1230.87888,94.1,2.7,0.6,2.4,1373.15,0.2
1213.17037,93.8,2.7,0.6,2.7,1373.15,0.2
1196.54786,93.5,2.7,0.6,3,1373.15,0.2
,96.2,2.7,0.9,0,1373.15,0.2
,95.9,2.7,0.9,0.3,1373.15,0.2
,95.6,2.7,0.9,0.6,1373.15,0.2
,95.3,2.7,0.9,0.9,1373.15,0.2
1451.1885,95,2.7,0.9,1.2,1373.15,0.2
1381.42231,94.7,2.7,0.9,1.5,1373.15,0.2
1343.84731,94.4,2.7,0.9,1.8,1373.15,0.2
1314.06385,94.1,2.7,0.9,2.1,1373.15,0.2
1288.51952,93.8,2.7,0.9,2.4,1373.15,0.2
1265.79498,93.5,2.7,0.9,2.7,1373.15,0.2
1245.14575,93.2,2.7,0.9,3,1373.15,0.2
,95.9,2.7,1.2,0,1373.15,0.2
,95.6,2.7,1.2,0.3,1373.15,0.2
,95.3,2.7,1.2,0.6,1373.15,0.2
,95,2.7,1.2,0.9,1373.15,0.2
,94.7,2.7,1.2,1.2,1373.15,0.2
,94.4,2.7,1.2,1.5,1373.15,0.2
,94.1,2.7,1.2,1.8,1373.15,0.2
,93.8,2.7,1.2,2.1,1373.15,0.2
1397.77126,93.5,2.7,1.2,2.4,1373.15,0.2
1348.1083,93.2,2.7,1.2,2.7,1373.15,0.2
1314.5302,92.9,2.7,1.2,3,1373.15,0.2
,95.6,2.7,1.5,0,1373.15,0.2
,95.3,2.7,1.5,0.3,1373.15,0.2
,95,2.7,1.5,0.6,1373.15,0.2
,94.7,2.7,1.5,0.9,1373.15,0.2
,94.4,2.7,1.5,1.2,1373.15,0.2
,94.1,2.7,1.5,1.5,1373.15,0.2
,93.8,2.7,1.5,1.8,1373.15,0.2
,93.5,2.7,1.5,2.1,1373.15,0.2
,93.2,2.7,1.5,2.4,1373.15,0.2
,92.9,2.7,1.5,2.7,1373.15,0.2
,92.6,2.7,1.5,3,1373.15,0.2
,95.3,2.7,1.8,0,1373.15,0.2
,95,2.7,1.8,0.3,1373.15,0.2
,94.7,2.7,1.8,0.6,1373.15,0.2
,94.4,2.7,1.8,0.9,1373.15,0.2
,94.1,2.7,1.8,1.2,1373.15,0.2
,93.8,2.7,1.8,1.5,1373.15,0.2
,93.5,2.7,1.8,1.8,1373.15,0.2
,93.2,2.7,1.8,2.1,1373.15,0.2
,92.9,2.7,1.8,2.4,1373.15,0.2
,92.6,2.7,1.8,2.7,1373.15,0.2
,92.3,2.7,1.8,3,1373.15,0.2
,95,2.7,2.1,0,1373.15,0.2
,94.7,2.7,2.1,0.3,1373.15,0.2
,94.4,2.7,2.1,0.6,1373.15,0.2
,94.1,2.7,2.1,0.9,1373.15,0.2
,93.8,2.7,2.1,1.2,1373.15,0.2
,93.5,2.7,2.1,1.5,1373.15,0.2
,93.2,2.7,2.1,1.8,1373.15,0.2
,92.9,2.7,2.1,2.1,1373.15,0.2
,92.6,2.7,2.1,2.4,1373.15,0.2
,92.3,2.7,2.1,2.7,1373.15,0.2
,92,2.7,2.1,3,1373.15,0.2
,94.7,2.7,2.4,0,1373.15,0.2
,94.4,2.7,2.4,0.3,1373.15,0.2
,94.1,2.7,2.4,0.6,1373.15,0.2
,93.8,2.7,2.4,0.9,1373.15,0.2
,93.5,2.7,2.4,1.2,1373.15,0.2
,93.2,2.7,2.4,1.5,1373.15,0.2
,92.9,2.7,2.4,1.8,1373.15,0.2
,92.6,2.7,2.4,2.1,1373.15,0.2
,92.3,2.7,2.4,2.4,1373.15,0.2
,92,2.7,2.4,2.7,1373.15,0.2
,91.7,2.7,2.4,3,1373.15,0.2
,94.4,2.7,2.7,0,1373.15,0.2
,94.1,2.7,2.7,0.3,1373.15,0.2
,93.8,2.7,2.7,0.6,1373.15,0.2
,93.5,2.7,2.7,0.9,1373.15,0.2
,93.2,2.7,2.7,1.2,1373.15,0.2
,92.9,2.7,2.7,1.5,1373.15,0.2
,92.6,2.7,2.7,1.8,1373.15,0.2
,92.3,2.7,2.7,2.1,1373.15,0.2
,92,2.7,2.7,2.4,1373.15,0.2
,91.7,2.7,2.7,2.7,1373.15,0.2
,91.4,2.7,2.7,3,1373.15,0.2
,94.1,2.7,3,0,1373.15,0.2
,93.8,2.7,3,0.3,1373.15,0.2
,93.5,2.7,3,0.6,1373.15,0.2
,93.2,2.7,3,0.9,1373.15,0.2
,92.9,2.7,3,1.2,1373.15,0.2
,92.6,2.7,3,1.5,1373.15,0.2
,92.3,2.7,3,1.8,1373.15,0.2
,92,2.7,3,2.1,1373.15,0.2
,91.7,2.7,3,2.4,1373.15,0.2
,91.4,2.7,3,2.7,1373.15,0.2
,91.1,2.7,3,3,1373.15,0.2
1326.37954,96.8,3,0,0,1373.15,0.2
1299.70923,96.5,3,0,0.3,1373.15,0.2
1275.8566,96.2,3,0,0.6,1373.15,0.2
1254.12153,95.9,3,0,0.9,1373.15,0.2
1234.06674,95.6,3,0,1.2,1373.15,0.2
1215.39538,95.3,3,0,1.5,1373.15,0.2
1197.89375,95,3,0,1.8,1373.15,0.2
1181.40114,94.7,3,0,2.1,1373.15,0.2
1165.79257,94.4,3,0,2.4,1373.15,0.2
1150.96824,94.1,3,0,2.7,1373.15,0.2
1136.84677,93.8,3,0,3,1373.15,0.2
1430.75293,96.5,3,0.3,0,1373.15,0.2
1381.15087,96.2,3,0.3,0.3,1373.15,0.2
1345.83514,95.9,3,0.3,0.6,1373.15,0.2
1316.60613,95.6,3,0.3,0.9,1373.15,0.2
1291.07539,95.3,3,0.3,1.2,1373.15,0.2
1268.13895,95,3,0.3,1.5,1373.15,0.2
1247.17346,94.7,3,0.3,1.8,1373.15,0.2
1227.78318,94.4,3,0.3,2.1,1373.15,0.2
1209.69648,94.1,3,0.3,2.4,1373.15,0.2
1192.71624,93.8,3,0.3,2.7,1373.15,0.2
1176.69337,93.5,3,0.3,3,1373.15,0.2
,96.2,3,0.6,0,1373.15,0.2
,95.9,3,0.6,0.3,1373.15,0.2
,95.6,3,0.6,0.6,1373.15,0.2
1428.64891,95.3,3,0.6,0.9,1373.15,0.2
1375.41164,95,3,0.6,1.2,1373.15,0.2
1339.63485,94.7,3,0.6,1.5,1373.15,0.2
1310.41883,94.4,3,0.6,1.8,1373.15,0.2
1285.04716,94.1,3,0.6,2.1,1373.15,0.2
1262.32278,93.8,3,0.6,2.4,1373.15,0.2
1241.58678,93.5,3,0.6,2.7,1373.15,0.2
1222.42765,93.2,3,0.6,3,1373.15,0.2
,95.9,3,0.9,0,1373.15,0.2
,95.6,3,0.9,0.3,1373.15,0.2
,95.3,3,0.9,0.6,1373.15,0.2
,95,3,0.9,0.9,1373.15,0.2
,94.7,3,0.9,1.2,1373.15,0.2
,94.4,3,0.9,1.5,1373.15,0.2
,94.1,3,0.9,1.8,1373.15,0.2
1379.28658,93.8,3,0.9,2.1,1373.15,0.2
1338.90606,93.5,3,0.9,2.4,1373.15,0.2
1307.88121,93.2,3,0.9,2.7,1373.15,0.2
1281.57805,92.9,3,0.9,3,1373.15,0.2
,95.6,3,1.2,0,1373.15,0.2
,95.3,3,1.2,0.3,1373.15,0.2
,95,3,1.2,0.6,1373.15,0.2
,94.7,3,1.2,0.9,1373.15,0.2
,94.4,3,1.2,1.2,1373.15,0.2
,94.1,3,1.2,1.5,1373.15,0.2
,93.8,3,1.2,1.8,1373.15,0.2
,93.5,3,1.2,2.1,1373.15,0.2
,93.2,3,1.2,2.4,1373.15,0.2
,92.9,3,1.2,2.7,1373.15,0.2
1415.68,92.6,3,1.2,3,1373.15,0.2
,95.3,3,1.5,0,1373.15,0.2
,95,3,1.5,0.3,1373.15,0.2
,94.7,3,1.5,0.6,1373.15,0.2
,94.4,3,1.5,0.9,1373.15,0.2
,94.1,3,1.5,1.2,1373.15,0.2
,93.8,3,1.5,1.5,1373.15,0.2
,93.5,3,1.5,1.8,1373.15,0.2
,93.2,3,1.5,2.1,1373.15,0.2
,92.9,3,1.5,2.4,1373.15,0.2
,92.6,3,1.5,2.7,1373.15,0.2
,92.3,3,1.5,3,1373.15,0.2
,95,3,1.8,0,1373.15,0.2
,94.7,3,1.8,0.3,1373.15,0.2
,94.4,3,1.8,0.6,1373.15,0.2
,94.1,3,1.8,0.9,1373.15,0.2
,93.8,3,1.8,1.2,1373.15,0.2
,93.5,3,1.8,1.5,1373.15,0.2
,93.2,3,1.8,1.8,1373.15,0.2
,92.9,3,1.8,2.1,1373.15,0.2
,92.6,3,1.8,2.4,1373.15,0.2
,92.3,3,1.8,2.7,1373.15,0.2
,92,3,1.8,3,1373.15,0.2
,94.7,3,2.1,0,1373.15,0.2
,94.4,3,2.1,0.3,1373.15,0.2
,94.1,3,2.1,0.6,1373.15,0.2
,93.8,3,2.1,0.9,1373.15,0.2
,93.5,3,2.1,1.2,1373.15,0.2
,93.2,3,2.1,1.5,1373.15,0.2
,92.9,3,2.1,1.8,1373.15,0.2
,92.6,3,2.1,2.1,1373.15,0.2
,92.3,3,2.1,2.4,1373.15,0.2
,92,3,2.1,2.7,1373.15,0.2
,91.7,3,2.1,3,1373.15,0.2
,94.4,3,2.4,0,1373.15,0.2
,94.1,3,2.4,0.3,1373.15,0.2
,93.8,3,2.4,0.6,1373.15,0.2
,93.5,3,2.4,0.9,1373.15,0.2
,93.2,3,2.4,1.2,1373.15,0.2
,92.9,3,2.4,1.5,1373.15,0.2
,92.6,3,2.4,1.8,1373.15,0.2
,92.3,3,2.4,2.1,1373.15,0.2
,92,3,2.4,2.4,1373.15,0.2
,91.7,3,2.4,2.7,1373.15,0.2
,91.4,3,2.4,3,1373.15,0.2
,94.1,3,2.7,0,1373.15,0.2
,93.8,3,2.7,0.3,1373.15,0.2
,93.5,3,2.7,0.6,1373.15,0.2
,93.2,3,2.7,0.9,1373.15,0.2
,92.9,3,2.7,1.2,1373.15,0.2
,92.6,3,2.7,1.5,1373.15,0.2
,92.3,3,2.7,1.8,1373.15,0.2
,92,3,2.7,2.1,1373.15,0.2
,91.7,3,2.7,2.4,1373.15,0.2
,91.4,3,2.7,2.7,1373.15,0.2
,91.1,3,2.7,3,1373.15,0.2
,93.8,3,3,0,1373.15,0.2
,93.5,3,3,0.3,1373.15,0.2
,93.2,3,3,0.6,1373.15,0.2
,92.9,3,3,0.9,1373.15,0.2
,92.6,3,3,1.2,1373.15,0.2
,92.3,3,3,1.5,1373.15,0.2
,92,3,3,1.8,1373.15,0.2
,91.7,3,3,2.1,1373.15,0.2
,91.4,3,3,2.4,1373.15,0.2
,91.1,3,3,2.7,1373.15,0.2
,90.8,3,3,3,1373.15,0.2